MemberId,TotalLobbiesOpened,TotalPlayerCount,TotalDataUsageMB,TotalPlayTimeMinutes,AvgPlayTimeMinutes,DaysActive,UniqueIPs,AvgLobbiesPerDay,AvgPlayersPerDay,AvgDataPerDayMB
mem_cm6jpxvy800cf0srx0t285p8pbf7,180354,8536,13.8623,203943.45,16.21,30,4,6011.80,284.53,0.4621
mem_cm7qgvdrj04lm0rn3fy6y24sk7e2,82025,23194,316.4401,57866.95,0.32,30,4,2734.17,773.13,10.5480
mem_clya9xt451b6o0ss3hx0pf0fffc5,749,53,2.1636,2202.98,1.30,30,4,24.97,1.77,0.0721
mem_cmkld9olt1zrw0ssobfwb2jh70a0,554,12,0.3330,42.23,0.03,10,4,55.40,1.20,0.0333
mem_cmdj1hjey00c20wnk1g5a4lti8dc,471,61,2.8581,-15345.18,-14.00,30,4,15.70,2.03,0.0953
mem_cmkqbvl0o3h9q0ssa5up31z1c1ad,312,14,0.0319,-243.83,-0.38,7,4,44.57,2.00,0.0046
mem_clxnvgj2f05ho0sp259ibh87j699,278,159,0.0615,-982.02,-1.55,30,4,9.27,5.30,0.0021
mem_cmhbj1auy02lr0rr8453jem2od9d,267,19,0.0751,94.38,0.15,30,4,8.90,0.63,0.0025
mem_cmk8e9h6y18qs0sntdocb8xzxda0,239,6,0.0239,13.97,0.03,19,4,12.58,0.32,0.0013
mem_cmjxp19pl09ie0smt6oh7a98g835,228,16,0.1301,13.90,0.03,27,4,8.44,0.59,0.0048
mem_cmkl37xfc23d50sr6gy4ed16uf58,212,13,0.0188,14330.88,26.54,10,4,21.20,1.30,0.0019
mem_cm5vhno5h16580sowbogz4nqn26d,209,10,0.0222,7.33,0.03,30,4,6.97,0.33,0.0007
mem_cmfq2l1p7006c0xps0wv80uyac53,198,20,0.3613,250.83,0.86,30,4,6.60,0.67,0.0120
mem_cmksf2i5o3qmi0sso4qgf82kde6b,198,11,0.0010,7714.88,17.69,5,4,39.60,2.20,0.0002
mem_cmksyd5pt3zlt0sqj5wwy6p77454,183,8,0.0003,10.47,0.06,5,4,36.60,1.60,0.0001
mem_cmeegbjhx00dk0woi35ht8ivy37d,180,15,0.0273,4615.38,21.37,30,4,6.00,0.50,0.0009
mem_cmhmo6fkq063f0srfdgss7dy45b5,180,17,0.0342,-78.02,-0.42,30,4,6.00,0.57,0.0011
mem_cmgzn7r6t00050sodh2xkb19147f,177,393,2.0071,63.97,0.10,30,4,5.90,13.10,0.0669
mem_cmjor0yrv0jnx0spu1v6m8hbkbe2,171,16,0.2486,9.10,0.03,30,4,5.70,0.53,0.0083
mem_cmiruthdb0pw60sofe1tpcymg12d,148,32,0.0044,-6587.42,-23.36,30,4,4.93,1.07,0.0001
mem_cmjqok9v50ru80sr0go6lbngr0e0,145,31,0.0231,88.17,0.19,30,4,4.83,1.03,0.0008
mem_cmh72b0yt03400smt264m58jf474,135,10,0.0019,4.53,0.02,30,4,4.50,0.33,0.0001
mem_cma46cxti016p0wqm33pygbpm0e5,129,36,11.8852,-1094.07,-4.70,30,4,4.30,1.20,0.3962
mem_cmjw5fh0f0e4r0sr02s4yevx2aac,124,16,0.0005,-1009.62,-4.26,28,4,4.43,0.57,0.0000
mem_cmikoqy1m2e1z0sk527evgn25e42,119,12,0.1055,-3297.57,-14.46,30,4,3.97,0.40,0.0035
mem_cmjtnwi3h1cf30spu3r4ebx6i494,116,4,0.1236,16.00,0.07,29,4,4.00,0.14,0.0043
mem_cmika5gbc2bxg0ros3y092fmqa58,111,9,0.0047,1102.98,9.76,30,4,3.70,0.30,0.0002
mem_cmf0oul3u00470yo9egouekygf24,106,44,0.0016,6786.28,20.26,30,4,3.53,1.47,0.0001
mem_cm4u65j1w0f0a0tul743i4mne2ed,105,24,0.5991,6.75,0.06,30,4,3.50,0.80,0.0200
mem_cmkg4vplc183d0sr6eu7x3q13cf5,105,12,0.5800,2122.73,10.61,14,4,7.50,0.86,0.0414
mem_cmkqjz9xm3j7r0sqjgg567upa756,93,8,0.0936,1106.20,4.55,6,4,15.50,1.33,0.0156
mem_clzjoqz610lg10sqz3gp8fefpfe3,88,5,0.5388,4409.87,16.27,30,3,2.93,0.17,0.0180
mem_cmbxre3qt00b20wq33vjob74yb3f,81,10,0.0766,3.12,0.02,22,4,3.68,0.45,0.0035
mem_cmhb3ng2d014n0slj29rp45n3c23,81,14,0.0214,-2195.05,-14.63,30,4,2.70,0.47,0.0007
mem_clqwlca070f2z0ts41g6vgj50df5,74,30,0.7944,7716.63,33.26,28,4,2.64,1.07,0.0284
mem_cme5571ua00090wnoe0xlcx5if60,67,58,0.1344,-4286.18,-7.53,30,4,2.23,1.93,0.0045
mem_cmbxre3qt00b20wq33vjob74y1a6,67,5,0.0149,2203.58,20.79,8,4,8.38,0.62,0.0019
mem_cmjdonhoh02sc0uo231mi1j6pd07,65,8,0.0292,-2284.13,-20.58,30,4,2.17,0.27,0.0010
mem_cmjiqzqq1089b0so2d3ru0t1r2a8,63,6,0.0180,-3385.57,-28.94,30,4,2.10,0.20,0.0006
mem_cmg0b3gbj05020wnd0ii8c858c9f,58,7,0.0055,95.90,0.85,30,4,1.93,0.23,0.0002
mem_cmfz2s3ek00040wok08l2f0xf9fc,56,35,7.8076,-1089.58,-5.37,30,4,1.87,1.17,0.2603
mem_cmjviq33e06ui0spa7jyp2qh4773,44,3,0.0987,5.95,0.04,3,4,14.67,1.00,0.0329
mem_cmicbtv770nt60sk515u97sfhe1d,35,19,0.0808,-5500.57,-71.44,30,4,1.17,0.63,0.0027
mem_cmi5rqsw90zwe0ssd90sl8d2u8e2,33,8,0.2911,-8803.22,-73.36,30,4,1.10,0.27,0.0097
mem_cmk70o18v0yiq0snt4x89g0bjc95,29,1,0.0001,1.03,0.02,20,4,1.45,0.05,0.0000
mem_cmkkvuwnn21ua0sr6fkmic2d280a,28,2,0.0040,9.25,0.17,10,4,2.80,0.20,0.0004
mem_cmkrmdms23szb0sr68ym625uqb6d,28,4,0.0001,3.03,0.06,5,4,5.60,0.80,0.0000
mem_clow1dn8p071h0so6bw7o2cple74,27,11,0.0934,1103.45,18.39,30,4,0.90,0.37,0.0031
mem_cmecnkgma00190xkignn2en06d82,27,7,0.0066,0.70,0.02,30,4,0.90,0.23,0.0002
mem_cmhxxyonl1aan0ss443bn4m2kf12,27,9,0.0016,-2199.92,-37.93,30,4,0.90,0.30,0.0001
mem_cmeegbjhx00dk0woi35ht8ivy401,27,3,0.0058,-3301.42,-58.95,4,4,6.75,0.75,0.0015
mem_cmksu3mzq3zq60sr6grbq8taq71e,25,1,0.0228,1.03,0.02,5,4,5.00,0.20,0.0046
mem_cmilryjsk2kj50soy6on8b5rrf39,19,5,0.0067,0.67,0.02,30,4,0.63,0.17,0.0002
mem_cmk2g39511kwi0snm9rqf07fn9fc,18,11,0.0003,-1097.67,-12.06,23,4,0.78,0.48,0.0000
mem_cmgi9m3xb03pe0rsb4js09hxkf64,17,4,0.0002,1101.73,25.62,30,4,0.57,0.13,0.0000
mem_cmi58rfyc0w4z0ssd5zxcg6m6b3e,16,4,0.0004,-84.50,-2.11,30,4,0.53,0.13,0.0000
mem_cltdr4r4w00tr0tnr85oe5q6p908,12,2,0.0004,0.95,0.04,30,4,0.40,0.07,0.0000
mem_cm9b4vjzm01200xre2yxz4obdefa,12,6,0.4762,2.67,0.24,30,4,0.40,0.20,0.0159
mem_cmae6do18030x0wndfqz8eyvz879,12,5,0.0018,3048.12,72.57,30,4,0.40,0.17,0.0001
mem_cmhb5fc7401fj0speeauyclpjb0d,12,4,0.0007,0.70,0.03,30,4,0.40,0.13,0.0000
mem_cmeqd5pgt00gi0wrw8dgmdlti0b3,9,10,0.0049,-1099.67,-43.99,30,4,0.30,0.33,0.0002
mem_cmkis3df51q6a0stqcg4x5w9zd2c,9,2,0.0000,0.45,0.05,12,4,0.75,0.17,0.0000
mem_cmkpv4xmh3d560ssadkln6k0nc11,9,2,0.0000,0.27,0.02,7,4,1.29,0.29,0.0000
mem_cm5va0j0s0b130soucojj814bfa4,8,7,0.0200,0.42,0.03,30,4,0.27,0.23,0.0007
mem_cm9nccpoy016d0wq77mwmdlvk0e4,8,15,0.0032,-2197.97,-115.68,30,4,0.27,0.50,0.0001
mem_cmdhw726d02w10woq458535xpa90,8,1,0.0061,0.40,0.02,30,4,0.27,0.03,0.0002
mem_cmjwmvulm0m5i0spa6pwocddzadf,8,5,0.0009,-1100.32,-57.91,27,4,0.30,0.19,0.0000
mem_cmjviq33e06ui0spa7jyp2qh47bd,8,4,0.0000,0.33,0.03,25,4,0.32,0.16,0.0000
mem_cmjvh15xt06d40sppdfs02zm58e7,7,2,0.0000,1.27,0.05,28,4,0.25,0.07,0.0000
mem_cmcfau052000f0wlw13sbhdah047,6,2,0.0000,0.15,0.02,30,4,0.20,0.07,0.0000
mem_cmb3e816a012e0wnqhbfq8ywcc67,5,7,0.0108,-3301.57,-330.16,30,4,0.17,0.23,0.0004
mem_cmdgao64o009t0wos6dvrcda2c83,4,7,0.0038,1102.88,29.81,30,4,0.13,0.23,0.0001
mem_cmie5edz614qz0sk5a55gf1t49b7,4,3,0.0001,86.35,28.78,30,4,0.13,0.10,0.0000
mem_cmjmy4duz0b8w0srxbpc939p856c,4,21,0.2254,1107.92,4.36,30,4,0.13,0.70,0.0075
mem_cmk09iwbh0xym0snmdmhegtyr192,4,2,0.0000,0.23,0.02,25,4,0.16,0.08,0.0000
mem_clym1s2ti00dc0su5h2qj6mdc266,3,2,0.0048,1.00,0.25,30,4,0.10,0.07,0.0002
mem_cmjg8lvge02d60tsr5foddzsm883,3,1,0.0024,0.22,0.02,30,4,0.10,0.03,0.0001
mem_clrbqwax311c10sr6d9nj1fxs70d,2,3,0.0016,1.93,0.24,30,4,0.07,0.10,0.0001
mem_cmbljqm220a2t0xud6aa284j8051,2,1,0.0026,0.13,0.03,30,4,0.07,0.03,0.0001
mem_cmcdkgku400bg0woj3q9yapjb5dc,2,4,0.0000,0.18,0.02,30,4,0.07,0.13,0.0000
mem_cmfpgvp0c004n0wqb642cc0auf71,2,2,0.0018,0.07,0.02,30,4,0.07,0.07,0.0001
mem_cmgdobbgu00190trw5pi0gzoy147,2,4,0.0013,0.08,0.02,30,4,0.07,0.13,0.0000
mem_cmhahnmyq00zy0sll9ra87b1m9c4,2,2,0.0012,0.10,0.03,30,4,0.07,0.07,0.0000
mem_cmhe1nj5a007h0slbdrs2eur9c7d,2,1,0.0000,0.05,0.05,30,4,0.07,0.03,0.0000
mem_cmig0ak4d1ks70sog1xme1ra3fae,2,2,0.0002,0.05,0.03,30,4,0.07,0.07,0.0000
mem_cmksjsi4d3rh20sso1rr50skce7a,2,1,0.0000,0.17,0.06,5,4,0.40,0.20,0.0000
mem_clqwlca070f2z0ts41g6vgj50692,1,1,0.0019,0.10,0.03,2,4,0.50,0.50,0.0010
mem_clu2mmuha0ml80slp8mi46att59a,1,1,0.0000,0.02,0.02,30,4,0.03,0.03,0.0000
mem_cluivaz5e00ro0soy4a224vsn6bc,1,1,0.0000,0.05,0.05,30,4,0.03,0.03,0.0000
mem_cm5pfdvuh0wxp0sq5e6dn29hv771,1,47,0.0093,17.62,0.23,30,4,0.03,1.57,0.0003
mem_cm7xtcp8y003j0sq0he6z1cwm17d,1,1,0.0000,0.02,0.02,30,4,0.03,0.03,0.0000
mem_cm8fncwr507la0wrq2hig4qsaf9b,1,1,0.0000,0.03,0.03,30,4,0.03,0.03,0.0000
mem_cmals5uoj151c0wpm65dc9j5z05c,1,1,0.0000,0.02,0.02,30,4,0.03,0.03,0.0000
mem_cmbv9u44r00sa0wqj6abcfpzs8b6,1,1,0.0001,0.03,0.02,30,4,0.03,0.03,0.0000
mem_cmd4nljaf001o0vpi8dmqg1p8f1f,1,2,0.0043,1101.15,275.29,30,4,0.03,0.07,0.0001
mem_cmdqsadoy00cu0wlq4oldha2h177,1,1,0.0004,0.07,0.03,30,4,0.03,0.03,0.0000
mem_cme31um7701fy0wk56wde2m9u0f2,1,2,0.0101,0.12,0.04,30,4,0.03,0.07,0.0003
mem_cmfwhtdea00120wo53mogcfw8983,1,1,0.0000,0.02,0.02,30,4,0.03,0.03,0.0000
mem_cmg9uevpi00in0sq6h1s79hzmaf6,1,1,0.0000,0.05,0.05,30,4,0.03,0.03,0.0000
mem_cmh97rq9j01p90smxbwxn3kpw513,1,1,0.0025,0.07,0.07,30,4,0.03,0.03,0.0001
mem_cmicevc5k0oo00ros63wk8u79ad7,1,1,0.0001,0.52,0.10,30,4,0.03,0.03,0.0000
mem_cmkjmf0y81tzw0sqj90ly4mnw2ba,1,2,0.0000,0.05,0.02,11,4,0.09,0.18,0.0000
mem_clo6ur64q00xw0s171wa1feklebf,0,0,0.0000,0.00,0.00,30,4,0.00,0.00,0.0000
mem_clobipfhe044e0syib95bc6r4350,0,0,0.0000,0.00,0.00,30,4,0.00,0.00,0.0000
mem_clotacf6p0bsj0to6hraldry25da,0,0,0.0000,0.00,0.00,30,4,0.00,0.00,0.0000
mem_clow1dn8p071h0so6bw7o2cpl146,0,0,0.0000,0.00,0.00,30,4,0.00,0.00,0.0000
mem_clow1j7xq072f0so6bxby2bqhadc,0,0,0.0000,0.00,0.00,30,4,0.00,0.00,0.0000
mem_cloykzhwc0h5f0specgh3gmns923,0,0,0.0000,0.00,0.00,30,4,0.00,0.00,0.0000
mem_clp0iacmn0gbd0sm7gp7i07r9bd3,0,0,0.0000,0.00,0.00,30,4,0.00,0.00,0.0000
mem_clp2skq6402xm0su26mwdazspb43,0,0,0.0000,0.00,0.00,30,4,0.00,0.00,0.0000
mem_clp45eiwb0bh70su2agp53doc75f,0,0,0.0000,0.00,0.00,30,4,0.00,0.00,0.0000
mem_clpagv9q4039s0sou5k6s8hdib7a,0,0,0.0000,0.00,0.00,30,4,0.00,0.00,0.0000
mem_clpalbt3100i10rpn551qdekob18,0,0,0.0000,0.00,0.00,30,4,0.00,0.00,0.0000
mem_clpbpjxir092p0snrclbd60s5aea,0,0,0.0000,0.00,0.00,30,4,0.00,0.00,0.0000
mem_clpbs87o709ky0snr59s9hsplde9,0,0,0.0000,0.00,0.00,30,4,0.00,0.00,0.0000
mem_clpfftpzn0cbq0rp4ak0p3qha950,0,0,0.0000,0.00,0.00,30,4,0.00,0.00,0.0000
mem_clplymrud00o20ss69sxgbfjn8b3,0,0,0.0000,0.00,0.00,30,4,0.00,0.00,0.0000
mem_clpmqj997038b0ss66hq35ccw887,0,0,0.0000,0.00,0.00,30,4,0.00,0.00,0.0000
mem_clpobkswo05vj0tt96h6v8ocy6b1,0,0,0.0000,0.00,0.00,30,4,0.00,0.00,0.0000
mem_clpowzv4w09fu0stzc066229pc3b,0,0,0.0000,0.00,0.00,30,4,0.00,0.00,0.0000
mem_clpphln440bk10stz390a4fln9d1,0,0,0.0000,0.00,0.00,30,4,0.00,0.00,0.0000
mem_clpri230i0puo0rudg8vz8l417fd,0,0,0.0000,0.00,0.00,30,4,0.00,0.00,0.0000
mem_clps4t9ev036h0rqf7j074so85ef,0,0,0.0000,0.00,0.00,30,4,0.00,0.00,0.0000
mem_clpse923l05hf0rqf269c55t749e,0,0,0.0000,0.00,0.00,30,4,0.00,0.00,0.0000
mem_clpucw5it0m940rsbbf4fbdfr265,0,0,0.0000,0.00,0.00,30,4,0.00,0.00,0.0000
mem_clpunruf90ne60rsbd8uhdh4j421,0,0,0.0000,0.00,0.00,30,4,0.00,0.00,0.0000
mem_clpw5xatw03bx0sqv3fpv7h2a49d,0,0,0.0000,0.00,0.00,30,4,0.00,0.00,0.0000
mem_clq12dnfg0xbg0sqv1f7k1t8we30,0,0,0.0000,0.00,0.00,30,4,0.00,0.00,0.0000
mem_clq14p2uz0dp80sp05cdm40lp766,0,0,0.0000,0.00,0.00,30,4,0.00,0.00,0.0000
mem_clq56hebz0kh60sri10rh4b8q56a,0,0,0.0000,0.00,0.00,30,4,0.00,0.00,0.0000
mem_clq778x2h0d9o0sqw7cyz9ebs6d1,0,0,0.0000,0.00,0.00,30,4,0.00,0.00,0.0000
mem_clq80uph70gsh0spcbnbm4e86916,0,0,0.0000,0.00,0.00,30,4,0.00,0.00,0.0000
mem_clq89573a0il90snk45h56bzjea4,0,0,0.0000,0.00,0.00,30,4,0.00,0.00,0.0000
mem_clqa496hr0sit0snk0o3n3iba973,0,0,0.0000,0.00,0.00,30,4,0.00,0.00,0.0000
mem_clqcab7ym08cg0rpc1vfx2s7mafa,0,0,0.0000,0.00,0.00,30,4,0.00,0.00,0.0000
mem_clqdcbko00gtf0sqw7ya171h6a23,0,0,0.0000,0.00,0.00,30,4,0.00,0.00,0.0000
mem_clqfg5gtf063l0skfcxl0gojqd5e,0,0,0.0000,0.00,0.00,30,4,0.00,0.00,0.0000
mem_clqhagbll010i0ts73nw4hcdha92,0,0,0.0000,0.00,0.00,30,4,0.00,0.00,0.0000
mem_clqie5c5a070b0ts7e6i30a9i538,0,0,0.0000,0.00,0.00,30,4,0.00,0.00,0.0000
mem_clqivdlzq02dl0spre1ac91kb8bc,0,0,0.0000,0.00,0.00,30,4,0.00,0.00,0.0000
mem_clqj1mj7f02zq0spr0wpod1zq06f,0,0,0.0000,0.00,0.00,30,4,0.00,0.00,0.0000
mem_clqkfwyf4034y0st89wirbnote7b,0,0,0.0000,0.00,0.00,30,4,0.00,0.00,0.0000
mem_clqrvkh8e0qtk0tr27vm3brfkdbf,0,0,0.0000,0.00,0.00,30,4,0.00,0.00,0.0000
mem_clqts63fq04sf0srv8xgo91ez7ab,0,0,0.0000,0.00,0.00,30,4,0.00,0.00,0.0000
mem_clr0gxaw30mqw0ss11d1savez476,0,0,0.0000,0.00,0.00,30,4,0.00,0.00,0.0000
mem_clr2ei80808l90ss2203n7z4298a,0,0,0.0000,0.00,0.00,30,4,0.00,0.00,0.0000
mem_clr3zby3s1hzb0ss1eofn4xeq7c3,0,0,0.0000,0.00,0.00,30,4,0.00,0.00,0.0000
mem_clr4zsjjj1op10sq7f601bweoaef,0,0,0.0000,0.00,0.00,30,4,0.00,0.00,0.0000
mem_clr7m0e6008210ssp88ri3rtl412,0,0,0.0000,0.00,0.00,30,4,0.00,0.00,0.0000
mem_clre9jksw0i9y0so5fpor2536e50,0,0,0.0000,0.00,0.00,30,4,0.00,0.00,0.0000
mem_clrg9zgbn11ss0sry9vw52qno9fc,0,0,0.0000,0.00,0.00,30,4,0.00,0.00,0.0000
mem_clrgk58x3007v0spxdnt9cd2109f,0,0,0.0000,0.00,0.00,30,4,0.00,0.00,0.0000
mem_clrhytvmt019k0soyachh4b483d4,0,0,0.0000,0.00,0.00,30,4,0.00,0.00,0.0000
mem_clri19zn800q40tsd9bqu2yx82c4,0,0,0.0000,0.00,0.00,30,4,0.00,0.00,0.0000
mem_clrjqajqw04xm0srsbczqb18r6ac,0,0,0.0000,0.00,0.00,30,4,0.00,0.00,0.0000
mem_clrplgvxc05kr0rqadormatpaf25,0,0,0.0000,0.00,0.00,30,4,0.00,0.00,0.0000
mem_clrz2kmhx0qq10ssy7rb4cj7d06c,0,0,0.0000,0.00,0.00,30,4,0.00,0.00,0.0000
mem_cls43ocxm0qt40rpx26lj1t8o716,0,0,0.0000,0.00,0.00,30,4,0.00,0.00,0.0000
mem_cls5ti2c41asx0rpxhy34btjt93a,0,0,0.0000,0.00,0.00,30,4,0.00,0.00,0.0000
mem_cls6qvgrv02n30tsl39edbjoc44e,0,0,0.0000,0.00,0.00,30,4,0.00,0.00,0.0000
mem_cls8dhexo0m100tsl0ousfamk353,0,0,0.0000,0.00,0.00,30,4,0.00,0.00,0.0000
mem_cls9u26y301pd0tv5hc75fe4g2ec,0,0,0.0000,0.00,0.00,30,4,0.00,0.00,0.0000
mem_clsa9re5x07eo0stegu0vaddc6e4,0,0,0.0000,0.00,0.00,30,4,0.00,0.00,0.0000
mem_clsc3x48s0ybv0sssd0vc1dtb9f6,0,0,0.0000,0.00,0.00,30,4,0.00,0.00,0.0000
mem_clsd8iqz404p90treb2s59z6p44b,0,0,0.0000,0.00,0.00,30,4,0.00,0.00,0.0000
mem_clsdxja7p00300sswdywz4tg83b1,0,0,0.0000,0.00,0.00,30,4,0.00,0.00,0.0000
mem_clsew62y701h80sul5qdy1r2gcb4,0,0,0.0000,0.00,0.00,30,4,0.00,0.00,0.0000
mem_clsfvni3g008i0sls5mvvgr2abd1,0,0,0.0000,0.00,0.00,30,4,0.00,0.00,0.0000
mem_clsfwwyhq00550tpacfau988oc2d,0,0,0.0000,0.00,0.00,30,4,0.00,0.00,0.0000
mem_clsik2blr017e0spa8q252ajq168,0,0,0.0000,0.00,0.00,30,4,0.00,0.00,0.0000
mem_clsjcoohs06zk0spa6u1fb8yhea4,0,0,0.0000,0.00,0.00,30,4,0.00,0.00,0.0000
mem_clsjy23pn07d20ss0b085ajhi84f,0,0,0.0000,0.00,0.00,30,4,0.00,0.00,0.0000
mem_clski2cr20c5a0sr264r18qvw621,0,0,0.0000,0.00,0.00,30,4,0.00,0.00,0.0000
mem_clsm86h2301su0tny7y6odiwyf27,0,0,0.0000,0.00,0.00,30,4,0.00,0.00,0.0000
mem_clso92l8100o40soja7l3a96r376,0,0,0.0000,0.00,0.00,30,4,0.00,0.00,0.0000
mem_clsoxwt7o05y40soj1h1jcv6ga30,0,0,0.0000,0.00,0.00,30,4,0.00,0.00,0.0000
mem_clsp3tsmv07p20sp0ayt9aocg5bf,0,0,0.0000,0.00,0.00,30,4,0.00,0.00,0.0000
mem_clsquh1d9026d0soj1nxo9vkkc72,0,0,0.0000,0.00,0.00,30,4,0.00,0.00,0.0000
mem_clst2wsx30i5b0tp06jdf9m0bcd6,0,0,0.0000,0.00,0.00,30,4,0.00,0.00,0.0000
mem_clstgs7c600l50sql53ue6jgg2c9,0,0,0.0000,0.00,0.00,30,4,0.00,0.00,0.0000
mem_clstz1a5104bj0spafior4fpyf84,0,0,0.0000,0.00,0.00,30,4,0.00,0.00,0.0000
mem_clswpwr580rxr0srqcw6e1v2zb1f,0,0,0.0000,0.00,0.00,30,4,0.00,0.00,0.0000
mem_clsxchw4n00640rlf9i1ubxy4aa8,0,0,0.0000,0.00,0.00,30,4,0.00,0.00,0.0000
mem_clsxl060704eg0sphfboyfdjg119,0,0,0.0000,0.00,0.00,30,4,0.00,0.00,0.0000
mem_clsz9yxas0cyr0sph44n33pztde1,0,0,0.0000,0.00,0.00,30,4,0.00,0.00,0.0000
mem_clt0fsv3z02cr0so79web0aqie96,0,0,0.0000,0.00,0.00,30,4,0.00,0.00,0.0000
mem_clt0innkc010u0so76cldf87mae7,0,0,0.0000,0.00,0.00,30,4,0.00,0.00,0.0000
mem_clt213s3b07vn0snb6564hykz1ba,0,0,0.0000,0.00,0.00,30,4,0.00,0.00,0.0000
mem_clt52pms106w60rprdwph5iqa569,0,0,0.0000,0.00,0.00,30,4,0.00,0.00,0.0000
mem_clt5zdupo0gyg0rpr547m7o56584,0,0,0.0000,0.00,0.00,30,4,0.00,0.00,0.0000
mem_clt6jtcxl008y0smjh403a35h14f,0,0,0.0000,0.00,0.00,30,4,0.00,0.00,0.0000
mem_clt8dn5gl00be0srqfhc11mfh418,0,0,0.0000,0.00,0.00,30,4,0.00,0.00,0.0000
mem_clt96pqds0o5m0rr38li336czeab,0,0,0.0000,0.00,0.00,30,4,0.00,0.00,0.0000
mem_clt99spsj001d0rrqbzel2hck7a2,0,0,0.0000,0.00,0.00,30,4,0.00,0.00,0.0000
mem_cltabua8g00me0ssm25o5bq69918,0,0,0.0000,0.00,0.00,30,4,0.00,0.00,0.0000
mem_cltblmcc20cf70sr37ar5bexs93e,0,0,0.0000,0.00,0.00,30,4,0.00,0.00,0.0000
mem_cltbrqcp800w10ssm6hkibc7z63c,0,0,0.0000,0.00,0.00,30,4,0.00,0.00,0.0000
mem_cltbxgoce04a00sr344s89nbf039,0,0,0.0000,0.00,0.00,30,4,0.00,0.00,0.0000
mem_cltdtd3sv00gz0spkh32a7oi67b0,0,0,0.0000,0.00,0.00,30,4,0.00,0.00,0.0000
mem_cltihsbi401qj0tlxatmten64483,0,0,0.0000,0.00,0.00,30,4,0.00,0.00,0.0000
mem_cltis437b08jh0sotcwkm4sx09d7,0,0,0.0000,0.00,0.00,30,4,0.00,0.00,0.0000
mem_cltj5jlfb04c40rn56q1w2kq3d58,0,0,0.0000,0.00,0.00,30,4,0.00,0.00,0.0000
mem_cltk4pcrs0co50snw4ytpg95g0fd,0,0,0.0000,0.00,0.00,30,4,0.00,0.00,0.0000
mem_cltkb1bue04qa0sn5ey9l60obc73,0,0,0.0000,0.00,0.00,30,4,0.00,0.00,0.0000
mem_cltme45wj093o0rn54e8tg8sg2a3,0,0,0.0000,0.00,0.00,30,4,0.00,0.00,0.0000
mem_cltmfdysf09e50rn5ddw8cvy5d06,0,0,0.0000,0.00,0.00,30,4,0.00,0.00,0.0000
mem_cltmz5au618aa0snwfv3ob5aeceb,0,0,0.0000,0.00,0.00,30,4,0.00,0.00,0.0000
mem_cltnab9wk03gn0tmpc5kl2gp7a73,0,0,0.0000,0.00,0.00,30,4,0.00,0.00,0.0000
mem_cltqgxpnm063s0snme1hs7wurc90,0,0,0.0000,0.00,0.00,30,4,0.00,0.00,0.0000
mem_cltqwfdyz00ge0sog46mwbtew31e,0,0,0.0000,0.00,0.00,30,4,0.00,0.00,0.0000
mem_cltrd68o80gtn0sr0at9r74dq025,0,0,0.0000,0.00,0.00,30,4,0.00,0.00,0.0000
mem_cltrnw6ti06wz0snmdesxgmfg86c,0,0,0.0000,0.00,0.00,30,4,0.00,0.00,0.0000
mem_cltt61asw0bdz0sr0d8ob9kxdd8e,0,0,0.0000,0.00,0.00,30,4,0.00,0.00,0.0000
mem_cltukg7up05ez0sq23olqdpz84ca,0,0,0.0000,0.00,0.00,30,4,0.00,0.00,0.0000
mem_cltwf32yc0pks0snm4265e1src21,0,0,0.0000,0.00,0.00,30,4,0.00,0.00,0.0000
mem_cltwl68iw0qsb0snmevbi6vq635d,0,0,0.0000,0.00,0.00,30,4,0.00,0.00,0.0000
mem_cltxuddjo08860toz7kvq70dr802,0,0,0.0000,0.00,0.00,30,4,0.00,0.00,0.0000
mem_clu09gw8p011x0spo831oh97xdb0,0,0,0.0000,0.00,0.00,30,4,0.00,0.00,0.0000
mem_clu4s70em0b7w0sljejei230u660,0,0,0.0000,0.00,0.00,30,4,0.00,0.00,0.0000
mem_clu4vriut007u0spx8cel3vmg0ab,0,0,0.0000,0.00,0.00,30,4,0.00,0.00,0.0000
mem_clu77iggq001r0ssvclve4cba70f,0,0,0.0000,0.00,0.00,30,4,0.00,0.00,0.0000
mem_clu94g9cf00bq0slif5811wae97d,0,0,0.0000,0.00,0.00,30,4,0.00,0.00,0.0000
mem_clu9nc94700g40slielyy9eet5a9,0,0,0.0000,0.00,0.00,30,4,0.00,0.00,0.0000
mem_clua37jd80rfq0spuetithdw460b,0,0,0.0000,0.00,0.00,30,4,0.00,0.00,0.0000
mem_clubm69ay0gnn0spb7g0w4zobe8c,0,0,0.0000,0.00,0.00,30,4,0.00,0.00,0.0000
mem_cluh95bx900bi0rou41oad71y077,0,0,0.0000,0.00,0.00,30,4,0.00,0.00,0.0000
mem_clun7x45y15ne0soy8j1sefaw027,0,0,0.0000,0.00,0.00,30,4,0.00,0.00,0.0000
mem_clupqhr9f03t20sq73ffqasdy1b4,0,0,0.0000,0.00,0.00,30,4,0.00,0.00,0.0000
mem_cluq76o1a01ai0sred8s5dmr8ae8,0,0,0.0000,0.00,0.00,30,4,0.00,0.00,0.0000
mem_clurhemu10bz10sre2kl06e0m02c,0,0,0.0000,0.00,0.00,30,4,0.00,0.00,0.0000
mem_clushpjig01wq0sqm7pak1851dd7,0,0,0.0000,0.00,0.00,30,4,0.00,0.00,0.0000
mem_clusnyfmd00010sqm9k799hhy41a,0,0,0.0000,0.00,0.00,30,4,0.00,0.00,0.0000
mem_cluvc2rvf01bd0sol1y0t42sx9fd,0,0,0.0000,0.00,0.00,30,4,0.00,0.00,0.0000
mem_cluvt9sct04zj0snjautr81q9d90,0,0,0.0000,0.00,0.00,30,4,0.00,0.00,0.0000
mem_cluwiyc8302f80tq4dtzndnrw9c2,0,0,0.0000,0.00,0.00,30,4,0.00,0.00,0.0000
mem_cluwmshol0av30snjehzd8cji052,0,0,0.0000,0.00,0.00,30,4,0.00,0.00,0.0000
mem_cluy6v0n20y6j0soz1bqz0rsneb9,0,0,0.0000,0.00,0.00,30,4,0.00,0.00,0.0000
mem_clv6hhkt4006w0tq2hrqi5tq7eda,0,0,0.0000,0.00,0.00,30,4,0.00,0.00,0.0000
mem_clv6vi4um0qx30srwb29t1mysa1b,0,0,0.0000,0.00,0.00,30,4,0.00,0.00,0.0000
mem_clv8jf0l315xb0to9h9y82ik01a6,0,0,0.0000,0.00,0.00,30,4,0.00,0.00,0.0000
mem_clva925x81ivw0srw8nbw97uo8b9,0,0,0.0000,0.00,0.00,30,4,0.00,0.00,0.0000
mem_clvb86rd71szt0srw006v868p40f,0,0,0.0000,0.00,0.00,30,4,0.00,0.00,0.0000
mem_clvggbxp60b730snf9hpg4hr2e20,0,0,0.0000,0.00,0.00,30,4,0.00,0.00,0.0000
mem_clviju96e0e2c0so6dl9p4jmq8f8,0,0,0.0000,0.00,0.00,30,4,0.00,0.00,0.0000
mem_clvj9gfer0d7g0sovahgi7h5p8a3,0,0,0.0000,0.00,0.00,30,4,0.00,0.00,0.0000
mem_clvjf7lem0xqp0snfgpfoh1wj2d3,0,0,0.0000,0.00,0.00,30,4,0.00,0.00,0.0000
mem_clvkwh26p02si0rovh5p2g6t082a,0,0,0.0000,0.00,0.00,30,4,0.00,0.00,0.0000
mem_clvl35cd40hfu0to6a81v5r5xcfc,0,0,0.0000,0.00,0.00,30,4,0.00,0.00,0.0000
mem_clvnoqiso007g0sqf4n7iflpod45,0,0,0.0000,0.00,0.00,30,4,0.00,0.00,0.0000
mem_clvnraq4j00s40smx486744pk954,0,0,0.0000,0.00,0.00,30,4,0.00,0.00,0.0000
mem_clvquwqxe001x0smx178mgvz9638,0,0,0.0000,0.00,0.00,30,4,0.00,0.00,0.0000
mem_clvqzhx5l01cs0smx894kfes621d,0,0,0.0000,0.00,0.00,30,4,0.00,0.00,0.0000
mem_clvsqlzs000630sow0ukkb6221c6,0,0,0.0000,0.00,0.00,30,4,0.00,0.00,0.0000
mem_clvubysn2004j0rnedpdycs50077,0,0,0.0000,0.00,0.00,30,4,0.00,0.00,0.0000
mem_clvwvfn1v0yki0soo7uv2c37rad2,0,0,0.0000,0.00,0.00,30,4,0.00,0.00,0.0000
mem_clvxzh9iw0bbk0sp728mdb0ogf8a,0,0,0.0000,0.00,0.00,30,4,0.00,0.00,0.0000
mem_clvzenf6k04gi0so90j9z9ewo5ce,0,0,0.0000,0.00,0.00,30,4,0.00,0.00,0.0000
mem_clvzmgzqk06zi0so985b9bcv6de1,0,0,0.0000,0.00,0.00,30,4,0.00,0.00,0.0000
mem_clw3pre3v02680rodhuss0b868f6,0,5,0.0788,0.17,0.02,30,4,0.00,0.17,0.0026
mem_clw836aos000s0tpt9xgv4sd13f6,0,0,0.0000,0.00,0.00,30,4,0.00,0.00,0.0000
mem_clw8evr1u03c80tonab8tfdlj5d1,0,0,0.0000,0.00,0.00,30,4,0.00,0.00,0.0000
mem_clw95736a054t0ssycwei27884cf,0,0,0.0000,0.00,0.00,30,4,0.00,0.00,0.0000
mem_clwfwoltf0bc90ste43ztcdgq41a,0,0,0.0000,0.00,0.00,30,4,0.00,0.00,0.0000
mem_clwgjra6d008p0tpxglfb72x472d,0,0,0.0000,0.00,0.00,30,4,0.00,0.00,0.0000
mem_clwgrt2d2032u0sml78i8fo1xd1e,0,0,0.0000,0.00,0.00,30,4,0.00,0.00,0.0000
mem_clwh87xaq08590sml4pwccfxud1b,0,0,0.0000,0.00,0.00,30,4,0.00,0.00,0.0000
mem_clwjtb19405z40spx31lj68zm37e,0,0,0.0000,0.00,0.00,30,4,0.00,0.00,0.0000
mem_clwm869pr011g0tml0aft71c2b86,0,0,0.0000,0.00,0.00,30,4,0.00,0.00,0.0000
mem_clwm9g9wc03c70spx6ujh7op5d24,0,0,0.0000,0.00,0.00,30,4,0.00,0.00,0.0000
mem_clwroidvm0buh0ssohl5sdpiw539,0,0,0.0000,0.00,0.00,30,4,0.00,0.00,0.0000
mem_clwrwdtfw009f0srxhvg9gtfcb55,0,0,0.0000,0.00,0.00,30,4,0.00,0.00,0.0000
mem_clwunsu9902vc0rowgn9zbbip403,0,0,0.0000,0.00,0.00,30,4,0.00,0.00,0.0000
mem_clwuzzkdc06q90so2gsat7wfp28d,0,0,0.0000,0.00,0.00,30,4,0.00,0.00,0.0000
mem_clwvx0dtm0ca60sp83lyt3bue343,0,0,0.0000,0.00,0.00,30,4,0.00,0.00,0.0000
mem_clww027on00zm0so26slah6csdeb,0,0,0.0000,0.00,0.00,30,4,0.00,0.00,0.0000
mem_clx0l73rt02aq0tl79yxcf8y7691,0,0,0.0000,0.00,0.00,30,4,0.00,0.00,0.0000
mem_clx2b6thr02l70rp836yohzidad5,0,0,0.0000,0.00,0.00,30,4,0.00,0.00,0.0000
mem_clx2yndza0km10sn67vt3fv67c1e,0,0,0.0000,0.00,0.00,30,4,0.00,0.00,0.0000
mem_clx3urfm904d60toof5111j75995,0,0,0.0000,0.00,0.00,30,4,0.00,0.00,0.0000
mem_clx6ozq8r0c4l0tpjfcl4ca235ba,0,0,0.0000,0.00,0.00,30,4,0.00,0.00,0.0000
mem_clx8ll9w603ak0sql6bo9975a020,0,0,0.0000,0.00,0.00,30,4,0.00,0.00,0.0000
mem_clxfu0vrq00qh0srdeyk0e491caa,0,0,0.0000,0.00,0.00,30,4,0.00,0.00,0.0000
mem_clxo86b6w07ok0sni03fs5qvk90a,0,0,0.0000,0.00,0.00,30,4,0.00,0.00,0.0000
mem_clxokiihq09h20tnk6w40ezln464,0,0,0.0000,0.00,0.00,30,4,0.00,0.00,0.0000
mem_clxolwae4034c0srsga32g5ood79,0,0,0.0000,0.00,0.00,30,4,0.00,0.00,0.0000
mem_clxr0x9i20c250snibfr4eoh1a58,0,0,0.0000,0.00,0.00,30,4,0.00,0.00,0.0000
mem_clxraekne0p070sp2h7q020af54a,0,0,0.0000,0.00,0.00,30,4,0.00,0.00,0.0000
mem_clxraq3r30oos0tnkd0w6geruf4b,0,0,0.0000,0.00,0.00,30,4,0.00,0.00,0.0000
mem_clxrpve2v0r1u0tnk97evbdhe8be,0,0,0.0000,0.00,0.00,30,4,0.00,0.00,0.0000
mem_clxs112xe04kb0sni06t54rng773,0,0,0.0000,0.00,0.00,30,4,0.00,0.00,0.0000
mem_clxtygwrt0kti0srs7vjl34i3629,0,0,0.0000,0.00,0.00,30,4,0.00,0.00,0.0000
mem_clxuhiime0njf0snici86g6daa36,0,0,0.0000,0.00,0.00,30,4,0.00,0.00,0.0000
mem_clxuxypl10tnq0srsdhwuhqp6ff9,0,0,0.0000,0.00,0.00,30,4,0.00,0.00,0.0000
mem_clxy09n2101nd0sn919ow4itr502,0,0,0.0000,0.00,0.00,30,4,0.00,0.00,0.0000
mem_cly0c1b7g0a8h0smxchj365mued1,0,0,0.0000,0.00,0.00,30,4,0.00,0.00,0.0000
mem_cly0fkodu0c8q0sn91kprcob4b72,0,0,0.0000,0.00,0.00,30,4,0.00,0.00,0.0000
mem_cly27438p0ial0rs3evf45jrj906,0,0,0.0000,0.00,0.00,30,4,0.00,0.00,0.0000
mem_cly2nh2am01me0ss3hsng2yalfd6,0,0,0.0000,0.00,0.00,30,4,0.00,0.00,0.0000
mem_cly344wdm05d00ss32smmevj1e36,0,0,0.0000,0.00,0.00,30,4,0.00,0.00,0.0000
mem_cly3ebyf208ch0ss37mnce9xv245,0,0,0.0000,0.00,0.00,30,4,0.00,0.00,0.0000
mem_cly4n7kes085s0smx2u958egb8ef,0,0,0.0000,0.00,0.00,30,4,0.00,0.00,0.0000
mem_cly5ror851c4t0sn956k00ob4323,0,0,0.0000,0.00,0.00,30,4,0.00,0.00,0.0000
mem_cly6xmx1i0p330ss3fo49czr0c78,0,0,0.0000,0.00,0.00,30,4,0.00,0.00,0.0000
mem_cly7g798n03x80tn94vd0c1u965a,0,0,0.0000,0.00,0.00,30,4,0.00,0.00,0.0000
mem_clyg2c35509440stn6pbtdwhte0f,0,0,0.0000,0.00,0.00,30,4,0.00,0.00,0.0000
mem_clyis7kwh0vfr0sss7j9sfv24bc1,0,0,0.0000,0.00,0.00,30,4,0.00,0.00,0.0000
mem_clyjy35yy02en0su5f7b8302z7c1,0,0,0.0000,0.00,0.00,30,4,0.00,0.00,0.0000
mem_clykhj1og028v0su5fl2xh8kaa43,0,0,0.0000,0.00,0.00,30,4,0.00,0.00,0.0000
mem_clyky71zj05rj0sss85dsgf4ma17,0,0,0.0000,0.00,0.00,30,4,0.00,0.00,0.0000
mem_clynb6srj01fk0stn1r7s7zsy14c,0,0,0.0000,0.00,0.00,30,4,0.00,0.00,0.0000
mem_clynwzbxv0l4d0sss71z58wqm1e3,0,0,0.0000,0.00,0.00,30,4,0.00,0.00,0.0000
mem_clynyvocm0lcf0sss4h04av9zc99,0,0,0.0000,0.00,0.00,30,4,0.00,0.00,0.0000
mem_clytyyi4y014z0sss1dy8cbbo3c0,0,0,0.0000,0.00,0.00,30,4,0.00,0.00,0.0000
mem_clyv1yb8500gz0tsh0ez2g5bdba9,0,0,0.0000,0.00,0.00,30,4,0.00,0.00,0.0000
mem_clyvzb46q03080suj1pxm3ir83c8,0,0,0.0000,0.00,0.00,30,4,0.00,0.00,0.0000
mem_clz1pu90a00kj0snqdq307no72c7,0,0,0.0000,0.00,0.00,30,4,0.00,0.00,0.0000
mem_clz2vcivh00700so8bdepebo964b,0,0,0.0000,0.00,0.00,30,4,0.00,0.00,0.0000
mem_clz5qa4kl0etd0so86m3i4qh7e92,0,0,0.0000,0.00,0.00,30,4,0.00,0.00,0.0000
mem_clz8u7tng04lo0snfhekxbo9oa05,0,0,0.0000,0.00,0.00,30,4,0.00,0.00,0.0000
mem_clzakqp4t02m20sm4glma2wd3e31,0,0,0.0000,0.00,0.00,30,4,0.00,0.00,0.0000
mem_clze2hjba0hao0snr948d18t959c,0,0,0.0000,0.00,0.00,30,4,0.00,0.00,0.0000
mem_clze5vq5y0i0w0snr17f76w3rd5a,0,0,0.0000,0.00,0.00,30,4,0.00,0.00,0.0000
mem_clzerc4y103ls0sp997t0am795b9,0,0,0.0000,0.00,0.00,30,4,0.00,0.00,0.0000
mem_clzhfic2q00xf0ssphubfgr8u574,0,0,0.0000,0.00,0.00,30,4,0.00,0.00,0.0000
mem_clzjoqz610lg10sqz3gp8fefp801,0,0,0.0000,0.00,0.00,30,1,0.00,0.00,0.0000
mem_clzltfa3k04r10spb0sro2hdocc2,0,0,0.0000,0.00,0.00,30,4,0.00,0.00,0.0000
mem_clzmqj69t0aee0spbglf0c3v96e2,0,0,0.0000,0.00,0.00,30,4,0.00,0.00,0.0000
mem_clzrpjb9l08e00sok8fkj1tg82f9,0,0,0.0000,0.00,0.00,30,4,0.00,0.00,0.0000
mem_clzsucv4x0i030sokaxo1ej3d29b,0,0,0.0000,0.00,0.00,30,4,0.00,0.00,0.0000
mem_clzuqlkmv001z0sqbesja2op786d,0,0,0.0000,0.00,0.00,30,4,0.00,0.00,0.0000
mem_clzvgqlic0jd10sp0h9p5avx4a72,0,0,0.0000,0.00,0.00,30,4,0.00,0.00,0.0000
mem_cm001zgx202r10tqbdxs04vxfd60,0,0,0.0000,0.00,0.00,30,4,0.00,0.00,0.0000
mem_cm03n6h8001zl0sua4i3a2k3y562,0,0,0.0000,0.00,0.00,30,4,0.00,0.00,0.0000
mem_cm0628d5e0cnn0sqpbkk367ob652,0,0,0.0000,0.00,0.00,30,4,0.00,0.00,0.0000
mem_cm07tsx3706v90sqp1mrq0cqvde8,0,0,0.0000,0.00,0.00,30,4,0.00,0.00,0.0000
mem_cm0dw694z08ol0rplffj26k7300b,0,0,0.0000,0.00,0.00,30,4,0.00,0.00,0.0000
mem_cm0g0wuin0aww0snd3ulj0wuf9ad,0,0,0.0000,0.00,0.00,30,4,0.00,0.00,0.0000
mem_cm0gn7q6z0oia0smmgsn98ujfa5f,0,0,0.0000,0.00,0.00,30,4,0.00,0.00,0.0000
mem_cm0guff1k0h450snd8cts5q8l378,0,0,0.0000,0.00,0.00,30,4,0.00,0.00,0.0000
mem_cm0i8dz6n03jo0sph0j3t337j13c,0,0,0.0000,0.00,0.00,30,4,0.00,0.00,0.0000
mem_cm0ki4bnv0fdx0snb3uy0g7pq303,0,0,0.0000,0.00,0.00,30,4,0.00,0.00,0.0000
mem_cm0sx51x306vz0sqb8l851w635aa,0,0,0.0000,0.00,0.00,30,4,0.00,0.00,0.0000
mem_cm0trkulw0bs00sqbekyjel8b1de,0,0,0.0000,0.00,0.00,30,4,0.00,0.00,0.0000
mem_cm0xp72ij07js0sv76ddybvg0d83,0,0,0.0000,0.00,0.00,30,4,0.00,0.00,0.0000
mem_cm0xxa24609kr0sxafcyo3z4o9ca,0,0,0.0000,0.00,0.00,30,4,0.00,0.00,0.0000
mem_cm1016qw90vk50sxa9whv5oy394f,0,0,0.0000,0.00,0.00,30,4,0.00,0.00,0.0000
mem_cm12s36sh0cdl0ssw3pi5bqy0b46,0,0,0.0000,0.00,0.00,30,4,0.00,0.00,0.0000
mem_cm174byyn0evk0ssd33po1olq913,0,0,0.0000,0.00,0.00,30,4,0.00,0.00,0.0000
mem_cm1chpopl0aug0smecjnp7ciw353,0,0,0.0000,0.00,0.00,30,4,0.00,0.00,0.0000
mem_cm1f5cz1j10eg0snl4asb4yeje43,0,0,0.0000,0.00,0.00,30,4,0.00,0.00,0.0000
mem_cm1nku0so01kt0st140bs40v6b50,0,0,0.0000,0.00,0.00,30,4,0.00,0.00,0.0000
mem_cm1nzyknc05gx0st193bbgs0i43b,0,0,0.0000,0.00,0.00,30,4,0.00,0.00,0.0000
mem_cm1ppvp481fww0sv95uv16t1n316,0,0,0.0000,0.00,0.00,30,4,0.00,0.00,0.0000
mem_cm1prs3sd00870sru40g66wsu9f9,0,0,0.0000,0.00,0.00,30,4,0.00,0.00,0.0000
mem_cm1s6lcvm0e9r0snuasqyf3mde0b,0,0,0.0000,0.00,0.00,30,4,0.00,0.00,0.0000
mem_cm1wrj2fy0ab80snj6zik7dio27a,0,0,0.0000,0.00,0.00,30,4,0.00,0.00,0.0000
mem_cm1xih4yq009w0sna7f1h55ozad2,0,0,0.0000,0.00,0.00,30,4,0.00,0.00,0.0000
mem_cm25ywgxy04410roacmca82yr0c5,0,0,0.0000,0.00,0.00,30,4,0.00,0.00,0.0000
mem_cm25zg1m901o90srp3ls375nk99c,0,0,0.0000,0.00,0.00,30,4,0.00,0.00,0.0000
mem_cm28at4s600aw0som27q9cbrrf5c,0,0,0.0000,0.00,0.00,30,4,0.00,0.00,0.0000
mem_cm28rwjla0r270roahenifbb63c2,0,0,0.0000,0.00,0.00,30,4,0.00,0.00,0.0000
mem_cm2b07xro04lh0spb5l8wbpkgd81,0,0,0.0000,0.00,0.00,30,4,0.00,0.00,0.0000
mem_cm2hq9lxj02j50ss17o8u1343d20,0,0,0.0000,0.00,0.00,30,4,0.00,0.00,0.0000
mem_cm2jciwix0m4s0ss1e376gu4ybfa,0,0,0.0000,0.00,0.00,30,4,0.00,0.00,0.0000
mem_cm2rlyyda00090sqrdiqfdhpk369,0,0,0.0000,0.00,0.00,30,4,0.00,0.00,0.0000
mem_cm2tms4b70dak0rqr8xix95ddffa,0,0,0.0000,0.00,0.00,30,4,0.00,0.00,0.0000
mem_cm2un83e100hm0sp49gx2dudtb8d,0,0,0.0000,0.00,0.00,30,4,0.00,0.00,0.0000
mem_cm2wrdl6m0ca70rs89dbnhrz5cc2,0,0,0.0000,0.00,0.00,30,4,0.00,0.00,0.0000
mem_cm2zxr6ha025g0sp9bix75ky6ea5,0,0,0.0000,0.00,0.00,30,4,0.00,0.00,0.0000
mem_cm30jjk3300z90tp9coooc0ro494,0,0,0.0000,0.00,0.00,30,4,0.00,0.00,0.0000
mem_cm31l405v00qn0rp9h3ld4sc491f,0,0,0.0000,0.00,0.00,30,4,0.00,0.00,0.0000
mem_cm33mwd0y03kd0spe43mh1chd7ed,0,0,0.0000,0.00,0.00,30,4,0.00,0.00,0.0000
mem_cm3bhzdsa0mro0soneo2b2wtsaf1,0,0,0.0000,0.00,0.00,30,4,0.00,0.00,0.0000
mem_cm3c8ke8w0u490snvhkn62g1y937,0,0,0.0000,0.00,0.00,30,4,0.00,0.00,0.0000
mem_cm3f0p8ak0i580sqm3tde1per8e9,0,0,0.0000,0.00,0.00,30,4,0.00,0.00,0.0000
mem_cm3iibvf500p20sst6wmv5beh198,0,0,0.0000,0.00,0.00,30,4,0.00,0.00,0.0000
mem_cm3knwuvh05es0sq18uu5giuk177,0,0,0.0000,0.00,0.00,30,4,0.00,0.00,0.0000
mem_cm3kpz8y0003y0sst42z8354fc97,0,0,0.0000,0.00,0.00,30,4,0.00,0.00,0.0000
mem_cm3njgke408wv0sq19iqj76zk2b7,0,0,0.0000,0.00,0.00,30,4,0.00,0.00,0.0000
mem_cm3q60mwj0ge50sphcovk2ago207,0,0,0.0000,0.00,0.00,30,4,0.00,0.00,0.0000
mem_cm3qbirji0ibf0sph3f50a8w415a,0,0,0.0000,0.00,0.00,30,4,0.00,0.00,0.0000
mem_cm3qjh1ys07sp0rs91zb5boft530,0,0,0.0000,0.00,0.00,30,4,0.00,0.00,0.0000
mem_cm3qq35ve0auw0ssm6s5r9ozwdd7,0,0,0.0000,0.00,0.00,30,4,0.00,0.00,0.0000
mem_cm3r9iujx0fwy0rs915orbkli631,0,0,0.0000,0.00,0.00,30,4,0.00,0.00,0.0000
mem_cm3t8bypt12kh0rs9eh4x4i3ec9b,0,0,0.0000,0.00,0.00,30,4,0.00,0.00,0.0000
mem_cm3topbk0018p0ssx8anm0zdb948,0,0,0.0000,0.00,0.00,30,4,0.00,0.00,0.0000
mem_cm3y59zkn0shh0sra5bffhjkz148,0,0,0.0000,0.00,0.00,30,4,0.00,0.00,0.0000
mem_cm3zcbcqw1ckk0sri0ce42bnv48b,0,0,0.0000,0.00,0.00,30,4,0.00,0.00,0.0000
mem_cm3zg3xm31dgp0sre33j4b1ob7d3,0,0,0.0000,0.00,0.00,30,4,0.00,0.00,0.0000
mem_cm40iqv4o06pf0sr845ik7gdr8af,0,0,0.0000,0.00,0.00,30,4,0.00,0.00,0.0000
mem_cm412bhtk0cw00sr8dx8bf7t43f8,0,0,0.0000,0.00,0.00,30,4,0.00,0.00,0.0000
mem_cm41g6ho30aw80rri67ni2fs2060,0,0,0.0000,0.00,0.00,30,4,0.00,0.00,0.0000
mem_cm41i9vt70g480sreavwq8bn3744,0,0,0.0000,0.00,0.00,30,4,0.00,0.00,0.0000
mem_cm41im8xb0g8q0sref6h56o4nd02,0,0,0.0000,0.00,0.00,30,4,0.00,0.00,0.0000
mem_cm44fyty21fy70sre84u38uvv992,0,0,0.0000,0.00,0.00,30,4,0.00,0.00,0.0000
mem_cm46jcjph07a90rr88kg17zvjec6,0,0,0.0000,0.00,0.00,30,4,0.00,0.00,0.0000
mem_cm48p1q1i123z0sri1ssc9n0wf45,0,0,0.0000,0.00,0.00,30,4,0.00,0.00,0.0000
mem_cm4bvfp6m0loo0sri3rfwa7k3d47,0,0,0.0000,0.00,0.00,30,4,0.00,0.00,0.0000
mem_cm4ebj44g129o0rreaieocmrl40f,0,0,0.0000,0.00,0.00,30,4,0.00,0.00,0.0000
mem_cm4gdohwa0kw40sra88bdd1kjc11,0,0,0.0000,0.00,0.00,30,4,0.00,0.00,0.0000
mem_cm4hee4u60n9x0sri4wsp89f0ac8,0,0,0.0000,0.00,0.00,30,4,0.00,0.00,0.0000
mem_cm4izoze803na0ss02jhf83bzf22,0,0,0.0000,0.00,0.00,30,4,0.00,0.00,0.0000
mem_cm4kwnsbw0lss0srpeqoe126hf8d,0,0,0.0000,0.00,0.00,30,4,0.00,0.00,0.0000
mem_cm4odm6d50j1e0srp3do2ah88ac2,0,0,0.0000,0.00,0.00,30,4,0.00,0.00,0.0000
mem_cm4q8f0iw0zhf0srp5iik2puz68b,0,0,0.0000,0.00,0.00,30,4,0.00,0.00,0.0000
mem_cm4rkd7g21ftp0srpfgh9cphz2de,0,0,0.0000,0.00,0.00,30,4,0.00,0.00,0.0000
mem_cm4rumsin0r7a0sv22k9k5a9g2b1,0,0,0.0000,0.00,0.00,30,4,0.00,0.00,0.0000
mem_cm4ugl5q90jja0su1fyiq1d5rdf0,0,0,0.0000,0.00,0.00,30,4,0.00,0.00,0.0000
mem_cm4xlvq7r0pe40tul5dhm53w4195,0,0,0.0000,0.00,0.00,30,4,0.00,0.00,0.0000
mem_cm4zaz1qf0a2c0tu1hwxj538v161,0,0,0.0000,0.00,0.00,30,4,0.00,0.00,0.0000
mem_cm4zek7d50akv0tu16tpl22dv436,0,0,0.0000,0.00,0.00,30,4,0.00,0.00,0.0000
mem_cm517s7ca02wl0svhd9lpbrksf6f,0,0,0.0000,0.00,0.00,30,4,0.00,0.00,0.0000
mem_cm51duopl04yb0svhbs221vfj4a0,0,0,0.0000,0.00,0.00,30,4,0.00,0.00,0.0000
mem_cm51xpf5w0dt20tu1ampm9jyd83c,0,0,0.0000,0.00,0.00,30,4,0.00,0.00,0.0000
mem_cm523q50l08540tul5dqt4en10c5,0,4,0.0050,0.12,0.02,30,4,0.00,0.13,0.0002
mem_cm53rmluv05s20sul8dgo2jr3636,0,0,0.0000,0.00,0.00,30,4,0.00,0.00,0.0000
mem_cm55te9ch05qv0svh0poq707vccc,0,0,0.0000,0.00,0.00,30,4,0.00,0.00,0.0000
mem_cm55yhox10nmz0su131gg6bew0b8,0,0,0.0000,0.00,0.00,30,4,0.00,0.00,0.0000
mem_cm57ww8w303x00ro76tpt4gxvf55,0,0,0.0000,0.00,0.00,30,4,0.00,0.00,0.0000
mem_cm59ymf120g690st7gja1g60m629,0,0,0.0000,0.00,0.00,30,4,0.00,0.00,0.0000
mem_cm5ap3okz05230ss80mw04hhg369,0,0,0.0000,0.00,0.00,30,4,0.00,0.00,0.0000
mem_cm5ft3hq403xc0st7c06segwq291,0,0,0.0000,0.00,0.00,30,4,0.00,0.00,0.0000
mem_cm5g3d12h01cj0srtazt6a7in473,0,0,0.0000,0.00,0.00,30,4,0.00,0.00,0.0000
mem_cm5he9lfn0rli0st46iz3e8wy5d3,0,0,0.0000,0.00,0.00,30,4,0.00,0.00,0.0000
mem_cm5hoka870vag0st7e87qd84vac1,0,0,0.0000,0.00,0.00,30,4,0.00,0.00,0.0000
mem_cm5imo6eo02hq0smff2m6gohi550,0,0,0.0000,0.00,0.00,30,4,0.00,0.00,0.0000
mem_cm5jpf05g02g50rmf9sgc9u238ae,0,0,0.0000,0.00,0.00,30,4,0.00,0.00,0.0000
mem_cm5k41y0707pw0rly7x9phxlc939,0,0,0.0000,0.00,0.00,30,4,0.00,0.00,0.0000
mem_cm5mcujzf0e220sp0cj5dgvql9e0,0,0,0.0000,0.00,0.00,30,4,0.00,0.00,0.0000
mem_cm5shwq4e07oa0spudve3cb1e822,0,0,0.0000,0.00,0.00,30,4,0.00,0.00,0.0000
mem_cm5wls6qw00ik0squ9wwf33g71af,0,0,0.0000,0.00,0.00,30,4,0.00,0.00,0.0000
mem_cm5ymvgct057e0sll7yqzcya55eb,0,1,0.0000,0.12,0.02,30,4,0.00,0.03,0.0000
mem_cm60n2px000050smj9a0ffvgo169,0,0,0.0000,0.00,0.00,30,4,0.00,0.00,0.0000
mem_cm62756k906n20smk1lhac5rt170,0,0,0.0000,0.00,0.00,30,4,0.00,0.00,0.0000
mem_cm64kw0n1108v0smk7su1eivt207,0,0,0.0000,0.00,0.00,30,4,0.00,0.00,0.0000
mem_cm6e5d3sp0t9h0ste685t13z4a8e,0,0,0.0000,0.00,0.00,30,4,0.00,0.00,0.0000
mem_cm6ix3pxa00dv0srwbody2tp8c81,0,0,0.0000,0.00,0.00,30,4,0.00,0.00,0.0000
mem_cm6jkazm900el0srwc517daeacc1,0,0,0.0000,0.00,0.00,30,4,0.00,0.00,0.0000
mem_cm6k8j4wm03dp0tpido7i5mntb0d,0,0,0.0000,0.00,0.00,30,4,0.00,0.00,0.0000
mem_cm6l7b2rn09nf0spofs0236vtc5c,0,0,0.0000,0.00,0.00,30,4,0.00,0.00,0.0000
mem_cm6lh8ypr0bbc0srxgkghbllj15e,0,0,0.0000,0.00,0.00,30,4,0.00,0.00,0.0000
mem_cm6m0p48t00590srp1ltx3yeufff,0,0,0.0000,0.00,0.00,30,4,0.00,0.00,0.0000
mem_cm6mnn8xw000q0spi9n538q0cd55,0,0,0.0000,0.00,0.00,30,4,0.00,0.00,0.0000
mem_cm6mrkyf000in0ssl6f867vgibd4,0,0,0.0000,0.00,0.00,30,4,0.00,0.00,0.0000
mem_cm6mtxe8g03hd0sr94mcpaxtvb34,0,0,0.0000,0.00,0.00,30,4,0.00,0.00,0.0000
mem_cm6mypiho0goj0soq1tmcdex75bd,0,0,0.0000,0.00,0.00,30,4,0.00,0.00,0.0000
mem_cm6q22sms09550spo53kw3drwbe6,0,0,0.0000,0.00,0.00,30,4,0.00,0.00,0.0000
mem_cm6qbilu809c50srghwt362h5492,0,0,0.0000,0.00,0.00,30,4,0.00,0.00,0.0000
mem_cm6qjl8qu0ye90soq32m710k1b07,0,0,0.0000,0.00,0.00,30,4,0.00,0.00,0.0000
mem_cm6qmjiyk00z70sslah882esf35d,0,0,0.0000,0.00,0.00,30,4,0.00,0.00,0.0000
mem_cm6rblslu005y0sslax9zgxd78cc,0,0,0.0000,0.00,0.00,30,4,0.00,0.00,0.0000
mem_cm6rc67cq0h9c0spo1mc69354d66,0,0,0.0000,0.00,0.00,30,4,0.00,0.00,0.0000
mem_cm6rcedkh0b080soo6reldkqjaa3,0,0,0.0000,0.00,0.00,30,4,0.00,0.00,0.0000
mem_cm6tqbm7l000m0rsd2uqz2v66725,0,0,0.0000,0.00,0.00,30,4,0.00,0.00,0.0000
mem_cm6u7v16d01nu0su4eyxdfs4k6e6,0,0,0.0000,0.00,0.00,30,4,0.00,0.00,0.0000
mem_cm6wptlrh00c70sow0tqu55x8087,0,0,0.0000,0.00,0.00,30,4,0.00,0.00,0.0000
mem_cm6z68rte0ani0sp9atw7fz7acdc,0,0,0.0000,0.00,0.00,30,4,0.00,0.00,0.0000
mem_cm71mqgcd0a9a0sqoerxmczab267,0,0,0.0000,0.00,0.00,30,4,0.00,0.00,0.0000
mem_cm72dcv6p01w70rq6a3lhaoaw145,0,0,0.0000,0.00,0.00,30,4,0.00,0.00,0.0000
mem_cm74stwj004260rpm1db2dyvn4ce,0,0,0.0000,0.00,0.00,30,4,0.00,0.00,0.0000
mem_cm74zg2xf00tl0sm2397k0ucd5f6,0,0,0.0000,0.00,0.00,30,4,0.00,0.00,0.0000
mem_cm77hl86h00g30sq18sys217e555,0,0,0.0000,0.00,0.00,30,4,0.00,0.00,0.0000
mem_cm77oywvs01tx0sq1fo265dpq664,0,0,0.0000,0.00,0.00,30,4,0.00,0.00,0.0000
mem_cm7agitly00z70sq7ev6y13gx757,0,0,0.0000,0.00,0.00,30,4,0.00,0.00,0.0000
mem_cm7celzf604kg0sm89ghwadak776,0,0,0.0000,0.00,0.00,30,4,0.00,0.00,0.0000
mem_cm7cl721f079x0sm8hd1n3uen906,0,0,0.0000,0.00,0.00,30,4,0.00,0.00,0.0000
mem_cm7hw7u4v00rg0ts2ax7vag2263f,0,0,0.0000,0.00,0.00,30,4,0.00,0.00,0.0000
mem_cm7kob9vr061f0snjfrpz98n6553,0,0,0.0000,0.00,0.00,30,4,0.00,0.00,0.0000
mem_cm7kq62fj00db0sr1bn7w3kig2e4,0,0,0.0000,0.00,0.00,30,4,0.00,0.00,0.0000
mem_cm7o5cf5t08ev0sqacc1jfomb2ef,0,0,0.0000,0.00,0.00,30,4,0.00,0.00,0.0000
mem_cm7oljcwc00bj0soq6imxg0kj489,0,0,0.0000,0.00,0.00,30,4,0.00,0.00,0.0000
mem_cm7os7hys0dcs0spders5drpqa53,0,0,0.0000,0.00,0.00,30,4,0.00,0.00,0.0000
mem_cm7qjag5j058g0tooamvk4l7c0b3,0,0,0.0000,0.00,0.00,30,4,0.00,0.00,0.0000
mem_cm7rfuaup022w0spl0i94f981ac3,0,0,0.0000,0.00,0.00,30,4,0.00,0.00,0.0000
mem_cm7sfrxns0in60rn33obu9x71bc2,0,0,0.0000,0.00,0.00,30,4,0.00,0.00,0.0000
mem_cm7srakyo03cj0sqmftqqa7p5d85,0,0,0.0000,0.00,0.00,30,4,0.00,0.00,0.0000
mem_cm7taikj9076n0sqm8x6q3kkrff8,0,0,0.0000,0.00,0.00,30,4,0.00,0.00,0.0000
mem_cm7tn5x5r0b550sqmg46148dx2dd,0,0,0.0000,0.00,0.00,30,4,0.00,0.00,0.0000
mem_cm7u0wj000bzi0sq21vcn330qd39,0,0,0.0000,0.00,0.00,30,4,0.00,0.00,0.0000
mem_cm7x7icmt0c4y0soz7dlwdh6ffd3,0,0,0.0000,0.00,0.00,30,4,0.00,0.00,0.0000
mem_cm8672uef02yu0vot4v525p1bb15,0,0,0.0000,0.00,0.00,30,4,0.00,0.00,0.0000
mem_cm883mg2200vd0wq22r56bxwz2ff,0,0,0.0000,0.00,0.00,30,4,0.00,0.00,0.0000
mem_cm8aqtp9x00pc0wod9y5xbuuv6df,0,0,0.0000,0.00,0.00,30,4,0.00,0.00,0.0000
mem_cm8c81dov0ebf0wql78ip68pe479,0,0,0.0000,0.00,0.00,30,4,0.00,0.00,0.0000
mem_cm8dadb2t03lz0wpyhs6pc2yo872,0,0,0.0000,0.00,0.00,30,4,0.00,0.00,0.0000
mem_cm8eb89a500s70wo66khia4a87dd,0,0,0.0000,0.00,0.00,30,4,0.00,0.00,0.0000
mem_cm8fbfk3f05po0wsp45mpa4yp8f9,0,0,0.0000,0.00,0.00,30,4,0.00,0.00,0.0000
mem_cm8fvxuxn09gv0wp2g7dkht1l604,0,0,0.0000,0.00,0.00,30,4,0.00,0.00,0.0000
mem_cm8fypr4h000r0wrggo5hh93cfb4,0,0,0.0000,0.00,0.00,30,4,0.00,0.00,0.0000
mem_cm8hcj1ld02qd0wqmdb3kgxldd3d,0,0,0.0000,0.00,0.00,30,4,0.00,0.00,0.0000
mem_cm8jjkmjg0c9t0vshg8g5efnv2cc,0,0,0.0000,0.00,0.00,30,4,0.00,0.00,0.0000
mem_cm8kd71ae0gpz0wu9es5w0g6t8cf,0,0,0.0000,0.00,0.00,30,4,0.00,0.00,0.0000
mem_cm8ltnbsm0dj50wsn76gb2dcn33f,0,0,0.0000,0.00,0.00,30,4,0.00,0.00,0.0000
mem_cm8ocw9u80qgs0wsh1s6y20zs73d,0,0,0.0000,0.00,0.00,30,4,0.00,0.00,0.0000
mem_cm8sakyc02jds0wu9g86yam47f74,0,0,0.0000,0.00,0.00,30,4,0.00,0.00,0.0000
mem_cm8t7wet211ab0xsudkijhuuy8f8,0,0,0.0000,0.00,0.00,30,4,0.00,0.00,0.0000
mem_cm8tctzsp0kj00wsnd1q7ej4q5fe,0,0,0.0000,0.00,0.00,30,4,0.00,0.00,0.0000
mem_cm8ul71wh03rx0vsucq7h375p718,0,0,0.0000,0.00,0.00,30,4,0.00,0.00,0.0000
mem_cm8vve3w13awy0wu9c9xu7ef36da,0,0,0.0000,0.00,0.00,30,4,0.00,0.00,0.0000
mem_cm946b2id05kj0xn15w7ve2xw18e,0,0,0.0000,0.00,0.00,30,4,0.00,0.00,0.0000
mem_cm95iiu7j08z00wkr5zzfabwoa05,0,0,0.0000,0.00,0.00,30,4,0.00,0.00,0.0000
mem_cm95r5o8z05510wn36jby986323e,0,0,0.0000,0.00,0.00,30,4,0.00,0.00,0.0000
mem_cm97dujgb00sx0wqlckbqe884a09,0,0,0.0000,0.00,0.00,30,4,0.00,0.00,0.0000
mem_cm97gxz1h00ij0vqh4iwvbf9abf2,0,0,0.0000,0.00,0.00,30,4,0.00,0.00,0.0000
mem_cm984kobo03lo0wlt6xmc3lx8923,0,0,0.0000,0.00,0.00,30,4,0.00,0.00,0.0000
mem_cm98xg0di023c0wlx8d49c9ms9b0,0,0,0.0000,0.00,0.00,30,4,0.00,0.00,0.0000
mem_cm99aima100dc0wlgeonbe5uk485,0,0,0.0000,0.00,0.00,30,4,0.00,0.00,0.0000
mem_cm9b7xk0p01qd0xreg0y4hlrl6a6,0,0,0.0000,0.00,0.00,30,4,0.00,0.00,0.0000
mem_cm9bbqs1k03qa0xrbdo77hsrtf7b,0,0,0.0000,0.00,0.00,30,4,0.00,0.00,0.0000
mem_cm9cxicwy0dug0wts14me34lqa71,0,0,0.0000,0.00,0.00,30,4,0.00,0.00,0.0000
mem_cm9fv7fjp04lb0wsr3ldwa7rvce4,0,0,0.0000,0.00,0.00,30,4,0.00,0.00,0.0000
mem_cm9g5ggfe067j0vo8gjje4fo8b7e,0,0,0.0000,0.00,0.00,30,4,0.00,0.00,0.0000
mem_cm9gszhzn004n0wtg6arg8y87733,0,0,0.0000,0.00,0.00,30,4,0.00,0.00,0.0000
mem_cm9jgetn5017o0wo8a85b471x284,0,0,0.0000,0.00,0.00,30,4,0.00,0.00,0.0000
mem_cm9jq1ga306em0wr20x9i0kple00,0,0,0.0000,0.00,0.00,30,4,0.00,0.00,0.0000
mem_cm9lump9w01430wrgd55odwyo213,0,0,0.0000,0.00,0.00,30,4,0.00,0.00,0.0000
mem_cm9oc9qdz002m0wqedoxp6wwsa3b,0,0,0.0000,0.00,0.00,30,4,0.00,0.00,0.0000
mem_cm9oopw5k00go0wpxfv29fv7me30,0,0,0.0000,0.00,0.00,30,4,0.00,0.00,0.0000
mem_cm9u4ejdx03kt0wpo4cgcd6u0652,0,0,0.0000,0.00,0.00,30,4,0.00,0.00,0.0000
mem_cm9xdbi0v04ee0wqlaww4hjdmb99,0,0,0.0000,0.00,0.00,30,4,0.00,0.00,0.0000
mem_cm9xpxc1q00kg0wn01mubh1wj536,0,0,0.0000,0.00,0.00,30,4,0.00,0.00,0.0000
mem_cm9y8os8w00dd0wn09ac52452198,0,1,0.0000,0.05,0.01,30,4,0.00,0.03,0.0000
mem_cma033aw303ch0wql59kid7nj36f,0,0,0.0000,0.00,0.00,30,4,0.00,0.00,0.0000
mem_cma49zr4502gg0wqm904yer8wbe4,0,0,0.0000,0.00,0.00,30,4,0.00,0.00,0.0000
mem_cma60s1b800250wu1apfc37f377d,0,0,0.0000,0.00,0.00,30,4,0.00,0.00,0.0000
mem_cma7bukck01a80ww16b5tcj88857,0,0,0.0000,0.00,0.00,30,4,0.00,0.00,0.0000
mem_cma85quzr005g0ww13zqm5dyb357,0,0,0.0000,0.00,0.00,30,4,0.00,0.00,0.0000
mem_cma9fbnpo002w0wvj0noz97dp5c0,0,0,0.0000,0.00,0.00,30,4,0.00,0.00,0.0000
mem_cmaaky8oz00e00wtgac61d9a8c21,0,0,0.0000,0.00,0.00,30,4,0.00,0.00,0.0000
mem_cmab1hb2x019z0wx9dax7cd62802,0,0,0.0000,0.00,0.00,30,4,0.00,0.00,0.0000
mem_cmac0ua1p038w0xnd9vv9b4p55dd,0,0,0.0000,0.00,0.00,30,4,0.00,0.00,0.0000
mem_cmaccb3bs030z0wnq8wu5cdlh5ad,0,0,0.0000,0.00,0.00,30,4,0.00,0.00,0.0000
mem_cmadswsgv00dj0wkta0ns9akua63,0,0,0.0000,0.00,0.00,30,4,0.00,0.00,0.0000
mem_cmaeejld205uw0wndfcoaeslpdb4,0,84,0.0432,52.42,0.35,30,4,0.00,2.80,0.0014
mem_cmaf5hyxj002l0wnugrot8l31d6a,0,0,0.0000,0.00,0.00,30,4,0.00,0.00,0.0000
mem_cmag9u1fg002e0wp342an05vke3f,0,0,0.0000,0.00,0.00,30,4,0.00,0.00,0.0000
mem_cmahely2i01ki0wksbmq4hufk127,0,0,0.0000,0.00,0.00,30,4,0.00,0.00,0.0000
mem_cmail7l8d013v0xksg80ghsqu0b7,0,0,0.0000,0.00,0.00,30,4,0.00,0.00,0.0000
mem_cmakhfvu30sio0wpm2udzc932c8d,0,0,0.0000,0.00,0.00,30,4,0.00,0.00,0.0000
mem_cmal2m74l004i0wks9myp07p840e,0,0,0.0000,0.00,0.00,30,4,0.00,0.00,0.0000
mem_cmali4zqv12680wpm1b1i8ipt5a4,0,0,0.0000,0.00,0.00,30,4,0.00,0.00,0.0000
mem_cmammkdfs03x70wpm2wg63lyo557,0,0,0.0000,0.00,0.00,30,4,0.00,0.00,0.0000
mem_cman5daiu00nw0xlv4clp6ky79c6,0,0,0.0000,0.00,0.00,30,4,0.00,0.00,0.0000
mem_cmaplngiv00ip0wm1bywv4icd367,0,0,0.0000,0.00,0.00,30,4,0.00,0.00,0.0000
mem_cmapz6njj00gb0wobd5i406fkad8,0,0,0.0000,0.00,0.00,30,4,0.00,0.00,0.0000
mem_cmaq541jy00rc0wnxam4ub0ei513,0,0,0.0000,0.00,0.00,30,4,0.00,0.00,0.0000
mem_cmaqwrkjs00150wnxg2sr6ggh897,0,0,0.0000,0.00,0.00,30,4,0.00,0.00,0.0000
mem_cmatublvn00dp0wlz7bzoa4vr064,0,0,0.0000,0.00,0.00,30,4,0.00,0.00,0.0000
mem_cmavf75yu0fe70wp08d14ftix696,0,0,0.0000,0.00,0.00,30,4,0.00,0.00,0.0000
mem_cmavpro6u000s0wnxfj5q5anhe91,0,0,0.0000,0.00,0.00,30,4,0.00,0.00,0.0000
mem_cmaw9o7al0mm60wp01tpc4upbba3,0,0,0.0000,0.00,0.00,30,4,0.00,0.00,0.0000
mem_cmax3flnw00ay0wob6gwzcmzmcd4,0,0,0.0000,0.00,0.00,30,4,0.00,0.00,0.0000
mem_cmaxd281v00f20wm12jo123zwe03,0,0,0.0000,0.00,0.00,30,4,0.00,0.00,0.0000
mem_cmazenha300290wobay4o4obndec,0,0,0.0000,0.00,0.00,30,4,0.00,0.00,0.0000
mem_cmb0ybxse00cy0wly2cqn9ps7554,0,0,0.0000,0.00,0.00,30,4,0.00,0.00,0.0000
mem_cmb21lryt009p0wlyfi3j5v98e5c,0,0,0.0000,0.00,0.00,30,4,0.00,0.00,0.0000
mem_cmb2br91x004i0wnqgzzeaddo601,0,0,0.0000,0.00,0.00,30,4,0.00,0.00,0.0000
mem_cmb2ep52h00dh0xnq9bb4fu194f1,0,0,0.0000,0.00,0.00,30,4,0.00,0.00,0.0000
mem_cmb33butd006u0wma0404elod0c5,0,0,0.0000,0.00,0.00,30,4,0.00,0.00,0.0000
mem_cmb6ndtjc03al0wnq21hf2bbr880,0,0,0.0000,0.00,0.00,30,4,0.00,0.00,0.0000
mem_cmb7fcqk900fa0wneg9isc1wg1e7,0,0,0.0000,0.00,0.00,30,4,0.00,0.00,0.0000
mem_cmb7sbw7104k60xmagr8z2r7d4e1,0,0,0.0000,0.00,0.00,30,4,0.00,0.00,0.0000
mem_cmb9r8kou01y70wpkbdrj2incf43,0,0,0.0000,0.00,0.00,30,4,0.00,0.00,0.0000
mem_cmbamotj5012c0vnq66a9a9xu8e4,0,0,0.0000,0.00,0.00,30,4,0.00,0.00,0.0000
mem_cmbaqhb4g00850vmaeoz18iik0e1,0,0,0.0000,0.00,0.00,30,4,0.00,0.00,0.0000
mem_cmbbelj2u003x0wpk2exybxdh7eb,0,0,0.0000,0.00,0.00,30,4,0.00,0.00,0.0000
mem_cmbbvr02e07y60wnx0eqy5aio6a8,0,0,0.0000,0.00,0.00,30,4,0.00,0.00,0.0000
mem_cmbc82fah09qu0wnx1ui15yxna8b,0,0,0.0000,0.00,0.00,30,4,0.00,0.00,0.0000
mem_cmbe4czqv00un0wne8k2y8eyh726,0,0,0.0000,0.00,0.00,30,4,0.00,0.00,0.0000
mem_cmbfjdyfy01jw0vqxczn2bufo618,0,0,0.0000,0.00,0.00,30,4,0.00,0.00,0.0000
mem_cmbhidw5q008y0wtx03d54i2ma4a,0,0,0.0000,0.00,0.00,30,4,0.00,0.00,0.0000
mem_cmbhqa9vw00ng0wuf60l81y2r2c9,0,0,0.0000,0.00,0.00,30,4,0.00,0.00,0.0000
mem_cmbit4bpx010e0wqxabve5f7p092,0,0,0.0000,0.00,0.00,30,4,0.00,0.00,0.0000
mem_cmbk3ujiy018v0xud4risb03tbe7,0,0,0.0000,0.00,0.00,30,4,0.00,0.00,0.0000
mem_cmbkimmw000lm0wuf7ae7992989a,0,0,0.0000,0.00,0.00,30,4,0.00,0.00,0.0000
mem_cmbn5xe6s00wa0wudbksw2t6s455,0,0,0.0000,0.00,0.00,30,4,0.00,0.00,0.0000
mem_cmbrtko6i03gl0wtc37ocgwxbc21,0,0,0.0000,0.00,0.00,30,4,0.00,0.00,0.0000
mem_cmbrzv8s50bnz0wtxemya03fada3,0,0,0.0000,0.00,0.00,30,4,0.00,0.00,0.0000
mem_cmbsa5twh00eb0wrr035lhldjf36,0,0,0.0000,0.00,0.00,30,4,0.00,0.00,0.0000
mem_cmbsuk0yt002r0xrr3bfk2a8m40d,0,0,0.0000,0.00,0.00,30,4,0.00,0.00,0.0000
mem_cmbur4v8b00f50wp24dyh917xdb1,0,0,0.0000,0.00,0.00,30,4,0.00,0.00,0.0000
mem_cmbv7wpbb00at0wqjfeo1ggubf70,0,0,0.0000,0.00,0.00,30,4,0.00,0.00,0.0000
mem_cmbvngq2f032h0wqja7iv0axna6c,0,0,0.0000,0.00,0.00,30,4,0.00,0.00,0.0000
mem_cmbw836t900370wq301spd05j00d,0,0,0.0000,0.00,0.00,30,4,0.00,0.00,0.0000
mem_cmc002j5w08xf0wn7h5ac4abh56f,0,0,0.0000,0.00,0.00,30,4,0.00,0.00,0.0000
mem_cmc3427yh000f0vsicsoj0eh8f81,0,0,0.0000,0.00,0.00,30,4,0.00,0.00,0.0000
mem_cmc3c0tsm000r0wu8fwn40ja8d22,0,0,0.0000,0.00,0.00,30,4,0.00,0.00,0.0000
mem_cmc3vinz5000g0wsi4ldf17os3f5,0,0,0.0000,0.00,0.00,30,4,0.00,0.00,0.0000
mem_cmc4j92u6009w0wu8a1cmdwmx925,0,0,0.0000,0.00,0.00,30,4,0.00,0.00,0.0000
mem_cmc5jqxqf000u0ws9cg912mgx489,0,0,0.0000,0.00,0.00,30,4,0.00,0.00,0.0000
mem_cmc5ox44300de0wrd0hb7fiz70d9,0,1,0.0010,0.02,0.02,30,4,0.00,0.03,0.0000
mem_cmc629rqi00580ws64x6q1e4w646,0,0,0.0000,0.00,0.00,30,4,0.00,0.00,0.0000
mem_cmc6rnphf000v0wo88rpr777yd2d,0,0,0.0000,0.00,0.00,30,4,0.00,0.00,0.0000
mem_cmc7iol4i001i0wrd5qaahy2e61c,0,0,0.0000,0.00,0.00,30,4,0.00,0.00,0.0000
mem_cmc8lqbgj004r0ws6hoya1nj40b7,0,0,0.0000,0.00,0.00,30,4,0.00,0.00,0.0000
mem_cmcamubkf00290wqubhep25ne8b9,0,0,0.0000,0.00,0.00,30,4,0.00,0.00,0.0000
mem_cmcaonn4z00dg0wt22ai7dojbcd8,0,0,0.0000,0.00,0.00,30,4,0.00,0.00,0.0000
mem_cmcatl2c0003j0wre3f6l7jw7789,0,0,0.0000,0.00,0.00,30,4,0.00,0.00,0.0000
mem_cmcawc8u600ls0vt47vq74cxl382,0,0,0.0000,0.00,0.00,30,4,0.00,0.00,0.0000
mem_cmcawvxyl00qt0vuifdp6a3m0a64,0,0,0.0000,0.00,0.00,30,4,0.00,0.00,0.0000
mem_cmcbb3gsd00jw0wp45269aqkf5ac,0,0,0.0000,0.00,0.00,30,4,0.00,0.00,0.0000
mem_cmcbwslmc00kl0wuigps1376dc25,0,0,0.0000,0.00,0.00,30,4,0.00,0.00,0.0000
mem_cmccet2cr002z0wljhykl45qp7e9,0,0,0.0000,0.00,0.00,30,4,0.00,0.00,0.0000
mem_cmcdadyz300640wqegjjf0md8052,0,0,0.0000,0.00,0.00,30,4,0.00,0.00,0.0000
mem_cmce5gk3801dr0wkv5ycq1y2i1c6,0,0,0.0000,0.00,0.00,30,4,0.00,0.00,0.0000
mem_cmcejl83r002l0vm7b1e0g5y2539,0,0,0.0000,0.00,0.00,30,4,0.00,0.00,0.0000
mem_cmcgpyos4001d0wlw55x71yqm194,0,0,0.0000,0.00,0.00,30,4,0.00,0.00,0.0000
mem_cmcgtlq3g000m0wlo89ob7dpj3d2,0,0,0.0000,0.00,0.00,30,4,0.00,0.00,0.0000
mem_cmcgzzk0700170xlkgw0x9ongff3,0,0,0.0000,0.00,0.00,30,4,0.00,0.00,0.0000
mem_cmch15wep00060wlnep0wbu2ica4,0,0,0.0000,0.00,0.00,30,4,0.00,0.00,0.0000
mem_cmch6hfyl001m0wlo7rc017i4153,0,0,0.0000,0.00,0.00,30,4,0.00,0.00,0.0000
mem_cmciz9isn001j0wlng3ii595c3f6,0,0,0.0000,0.00,0.00,30,4,0.00,0.00,0.0000
mem_cmck5nnd300e50vnb7y0j795kd0f,0,0,0.0000,0.00,0.00,30,4,0.00,0.00,0.0000
mem_cmco40g4y001d0voc2emodeg008d,0,0,0.0000,0.00,0.00,30,4,0.00,0.00,0.0000
mem_cmco5bco000270wrz64rzctcba04,0,0,0.0000,0.00,0.00,30,4,0.00,0.00,0.0000
mem_cmcog03rs001e0vqh9hr2ga5s240,0,0,0.0000,0.00,0.00,30,4,0.00,0.00,0.0000
mem_cmcor1vg2000a0woccrkr37mcd50,0,0,0.0000,0.00,0.00,30,4,0.00,0.00,0.0000
mem_cmcp00hvk000a0woccqnu0d84afe,0,0,0.0000,0.00,0.00,30,4,0.00,0.00,0.0000
mem_cmcqfqeji000s0wopgoijb571680,0,0,0.0000,0.00,0.00,30,4,0.00,0.00,0.0000
mem_cmcrn86u000dj0wq35q8c1tsa172,0,0,0.0000,0.00,0.00,30,4,0.00,0.00,0.0000
mem_cmcsd92n600oy0wr7frlt4c51738,0,0,0.0000,0.00,0.00,30,4,0.00,0.00,0.0000
mem_cmctoy8az00br0vmb52ls69et59f,0,0,0.0000,0.00,0.00,30,4,0.00,0.00,0.0000
mem_cmcu61wnm00030xlsh30mdbma02a,0,0,0.0000,0.00,0.00,30,4,0.00,0.00,0.0000
mem_cmcucv4ba000r0wnsg6yh958c2c7,0,0,0.0000,0.00,0.00,30,4,0.00,0.00,0.0000
mem_cmcwm23id00100wsp430rc0wvf9b,0,0,0.0000,0.00,0.00,30,4,0.00,0.00,0.0000
mem_cmcyjf19t032z0wqm1p0sfrxy183,0,0,0.0000,0.00,0.00,30,4,0.00,0.00,0.0000
mem_cmcz0ukqo006q0ws04zeocskdaa8,0,0,0.0000,0.00,0.00,30,4,0.00,0.00,0.0000
mem_cmczdnrx600fu0wrldxb16syg590,0,0,0.0000,0.00,0.00,30,4,0.00,0.00,0.0000
mem_cmczs58zz000z0wrz4y368s5q3d7,0,0,0.0000,0.00,0.00,30,4,0.00,0.00,0.0000
mem_cmd1g0h3s00040wo6cyxj2obw74c,0,0,0.0000,0.00,0.00,30,4,0.00,0.00,0.0000
mem_cmd4kro3m001p0wq5asc390gja95,0,0,0.0000,0.00,0.00,30,4,0.00,0.00,0.0000
mem_cmd6u5bxv005c0xnq42uo6vx7d17,0,0,0.0000,0.00,0.00,30,4,0.00,0.00,0.0000
mem_cmdg0eeo4005s0wnkdfa283dd11c,0,0,0.0000,0.00,0.00,30,4,0.00,0.00,0.0000
mem_cmdg0o1rn00700wn68nmi6svx07c,0,0,0.0000,0.00,0.00,30,4,0.00,0.00,0.0000
mem_cmdh9kd5f00060xnkhpln3ojf8e9,0,0,0.0000,0.00,0.00,30,4,0.00,0.00,0.0000
mem_cmdhkre6m00550xk8d9kgfgwh74c,0,0,0.0000,0.00,0.00,30,4,0.00,0.00,0.0000
mem_cmdhoubia001e0wp29999d3ja1cd,0,0,0.0000,0.00,0.00,30,4,0.00,0.00,0.0000
mem_cmdiqlnas002n0wk8auez7yrb268,0,0,0.0000,0.00,0.00,30,4,0.00,0.00,0.0000
mem_cmdiv4gyd004t0wlw4bi66cvf50b,0,0,0.0000,0.00,0.00,30,4,0.00,0.00,0.0000
mem_cmdkhma2q00090xnkadw27m51daa,0,0,0.0000,0.00,0.00,30,4,0.00,0.00,0.0000
mem_cmdme2yo003930woq3bjse635d20,0,0,0.0000,0.00,0.00,30,4,0.00,0.00,0.0000
mem_cmdo27ovs00320wnk5amnhc61e45,0,0,0.0000,0.00,0.00,30,4,0.00,0.00,0.0000
mem_cmdrq93jx002i0wk8cmrn209n5f2,0,0,0.0000,0.00,0.00,30,4,0.00,0.00,0.0000
mem_cmdrxcqtp001y0wp252n1hqa6aec,0,0,0.0000,0.00,0.00,30,4,0.00,0.00,0.0000
mem_cmdtbbcxf00100vnk43cq5c4d9e3,0,0,0.0000,0.00,0.00,30,4,0.00,0.00,0.0000
mem_cme2xhu3l00350wp48911drjrb8f,0,0,0.0000,0.00,0.00,30,4,0.00,0.00,0.0000
mem_cme2zge3c00050xouazk8guos0b6,0,0,0.0000,0.00,0.00,30,4,0.00,0.00,0.0000
mem_cme3q8tkr00130wki8hy73wbb9bf,0,0,0.0000,0.00,0.00,30,4,0.00,0.00,0.0000
mem_cme64y9ii00nh0wmmct6l6w8e829,0,0,0.0000,0.00,0.00,30,4,0.00,0.00,0.0000
mem_cme9oz9c7002h0wmd04cc55t65a6,0,0,0.0000,0.00,0.00,30,4,0.00,0.00,0.0000
mem_cmebof72900270wmch4ifdpgw671,0,0,0.0000,0.00,0.00,30,4,0.00,0.00,0.0000
mem_cmedaz5i6006r0wm52aua72thc4a,0,0,0.0000,0.00,0.00,30,4,0.00,0.00,0.0000
mem_cmeeqx2l700gw0wjy6ytsg27za8e,0,0,0.0000,0.00,0.00,30,4,0.00,0.00,0.0000
mem_cmef5ec55003l0wnn6ck67id9cd7,0,0,0.0000,0.00,0.00,30,4,0.00,0.00,0.0000
mem_cmeflxeq700et0wjy9p6re8q2bbd,0,0,0.0000,0.00,0.00,30,4,0.00,0.00,0.0000
mem_cmefxcpp0000e0xmi99qc10hpbe7,0,0,0.0000,0.00,0.00,30,4,0.00,0.00,0.0000
mem_cmegpxbyw002b0wkn44rnc1egd7c,0,0,0.0000,0.00,0.00,30,4,0.00,0.00,0.0000
mem_cmeh0gv29012s0wmieicfgy5q3e6,0,0,0.0000,0.00,0.00,30,4,0.00,0.00,0.0000
mem_cmei135yb04570xjyc8imbjccdf0,0,0,0.0000,0.00,0.00,30,4,0.00,0.00,0.0000
mem_cmelkwa4i00ce0xqe2b8e8jek120,0,0,0.0000,0.00,0.00,30,4,0.00,0.00,0.0000
mem_cmenzi0bb001z0wpwe5qthulecec,0,0,0.0000,0.00,0.00,30,4,0.00,0.00,0.0000
mem_cmeo7hgcd002d0wrh98x2ajpr5de,0,0,0.0000,0.00,0.00,30,4,0.00,0.00,0.0000
mem_cmeoaex5s004r0wrc8uq0e1ypead,0,0,0.0000,0.00,0.00,30,4,0.00,0.00,0.0000
mem_cmeonlkvh00sy0wrw2jry6ii23fe,0,0,0.0000,0.00,0.00,30,4,0.00,0.00,0.0000
mem_cmerum2l4004x0wrc040a1msc37a,0,0,0.0000,0.00,0.00,30,4,0.00,0.00,0.0000
mem_cmeswkr5p00ap0wrw3m67f3gw786,0,0,0.0000,0.00,0.00,30,4,0.00,0.00,0.0000
mem_cmet4ysa600hg0wr76tf2c97l138,0,0,0.0000,0.00,0.00,30,4,0.00,0.00,0.0000
mem_cmetags8u011h0vojfekg945f357,0,0,0.0000,0.00,0.00,30,4,0.00,0.00,0.0000
mem_cmeyxd1sq000g0xkkh0bia3xw99e,0,0,0.0000,0.00,0.00,30,4,0.00,0.00,0.0000
mem_cmf2ualuu000l0wp51hd88u5f34c,0,0,0.0000,0.00,0.00,30,4,0.00,0.00,0.0000
mem_cmf5oxxaf00010xr2foo29wphce5,0,0,0.0000,0.00,0.00,30,4,0.00,0.00,0.0000
mem_cmf721dr0009d0yp9780f9ns6108,0,0,0.0000,0.00,0.00,30,4,0.00,0.00,0.0000
mem_cmf7cxqiq009l0xq8hzz0blvge62,0,0,0.0000,0.00,0.00,30,4,0.00,0.00,0.0000
mem_cmf83qtyb000a0wn85tfg4sp0110,0,0,0.0000,0.00,0.00,30,4,0.00,0.00,0.0000
mem_cmfg42cs4005a0xop84slafnd692,0,0,0.0000,0.00,0.00,30,4,0.00,0.00,0.0000
mem_cmfibl6vs005b0voe6ymz22o7639,0,3,0.0000,0.15,0.02,30,4,0.00,0.10,0.0000
mem_cmfijlf7y00tg0wmz8xyqb738c6d,0,0,0.0000,0.00,0.00,30,4,0.00,0.00,0.0000
mem_cmfiu57xb00010wpv2vdx7kj61cf,0,0,0.0000,0.00,0.00,30,4,0.00,0.00,0.0000
mem_cmflqg3rk00td0wop0roa4qrga84,0,0,0.0000,0.00,0.00,30,4,0.00,0.00,0.0000
mem_cmfqpanv3001b0wlx60mgayvyc94,0,0,0.0000,0.00,0.00,30,4,0.00,0.00,0.0000
mem_cmfrnrbeq01lk0wn906p92ch6284,0,0,0.0000,0.00,0.00,30,4,0.00,0.00,0.0000
mem_cmfs5bwy9003t0xps9phmfs1g43d,0,0,0.0000,0.00,0.00,30,4,0.00,0.00,0.0000
mem_cmftq1m4400620wov7ma9hojn01e,0,0,0.0000,0.00,0.00,30,4,0.00,0.00,0.0000
mem_cmfwxoeca00240vo52noi66no3e2,0,0,0.0000,0.00,0.00,30,4,0.00,0.00,0.0000
mem_cmfyohz1y00190wo55xughjoc5d0,0,0,0.0000,0.00,0.00,30,4,0.00,0.00,0.0000
mem_cmg1jefpc007c0wmxa0ondrb7673,0,0,0.0000,0.00,0.00,30,4,0.00,0.00,0.0000
mem_cmg3omacb002d0wlx5qzadi7r806,0,0,0.0000,0.00,0.00,30,4,0.00,0.00,0.0000
mem_cmg3vhnp2003q0wmxhm9h8o44b3f,0,0,0.0000,0.00,0.00,30,4,0.00,0.00,0.0000
mem_cmg3xwfnb000w0wokhrsxcmwx0dd,0,0,0.0000,0.00,0.00,30,4,0.00,0.00,0.0000
mem_cmg4bwnw0004d0wq00gdq8wzwd41,0,0,0.0000,0.00,0.00,30,4,0.00,0.00,0.0000
mem_cmg5irsly00yi0xomcu2ohbxn9c8,0,0,0.0000,0.00,0.00,30,4,0.00,0.00,0.0000
mem_cmg8at7cf01pj0sprgb8yfsp4f28,0,0,0.0000,0.00,0.00,30,4,0.00,0.00,0.0000
mem_cmg93zpdg02k00soj2f0t0xwa951,0,0,0.0000,0.00,0.00,30,4,0.00,0.00,0.0000
mem_cmg9l6on600oy0srm7euycvr2de9,0,0,0.0000,0.00,0.00,30,4,0.00,0.00,0.0000
mem_cmga468ry022y0so3d5eahw3w967,0,0,0.0000,0.00,0.00,30,4,0.00,0.00,0.0000
mem_cmgc3p37401620sode1ikg6iof61,0,0,0.0000,0.00,0.00,30,4,0.00,0.00,0.0000
mem_cmgcgv25f01k00tq655s41ynlcb5,0,0,0.0000,0.00,0.00,30,4,0.00,0.00,0.0000
mem_cmgf4zmhy00qz0rrw1z9y1bzhcc1,0,0,0.0000,0.00,0.00,30,4,0.00,0.00,0.0000
mem_cmggkin0m01bg0soncmqf5y8z019,0,0,0.0000,0.00,0.00,30,4,0.00,0.00,0.0000
mem_cmgi2h4ik004o0sqz6k355euoe75,0,0,0.0000,0.00,0.00,30,4,0.00,0.00,0.0000
mem_cmgi39k6r02rh0ss024lqhskkd55,0,0,0.0000,0.00,0.00,30,4,0.00,0.00,0.0000
mem_cmgl1tdxg0afm0sq44phv09q7bc7,0,0,0.0000,0.00,0.00,30,4,0.00,0.00,0.0000
mem_cmgmauij50e920sq4cz4nbi9307f,0,0,0.0000,0.00,0.00,30,4,0.00,0.00,0.0000
mem_cmgmwvn1700b50sragbpeglh0281,0,0,0.0000,0.00,0.00,30,4,0.00,0.00,0.0000
mem_cmgngsns900ge0tragg7kg56w3fd,0,0,0.0000,0.00,0.00,30,4,0.00,0.00,0.0000
mem_cmgphi04c0r850sr903me7q3ed17,0,0,0.0000,0.00,0.00,30,4,0.00,0.00,0.0000
mem_cmgr03toi08wd0ss72nwsb4cl0ed,0,0,0.0000,0.00,0.00,30,4,0.00,0.00,0.0000
mem_cmgriooky00gl0swx30augd9wccb,0,0,0.0000,0.00,0.00,30,4,0.00,0.00,0.0000
mem_cmgucvgwb00fh0rrq07t51lm03b0,0,0,0.0000,0.00,0.00,30,4,0.00,0.00,0.0000
mem_cmgxoyvbm006x0sn538secrwyfc4,0,0,0.0000,0.00,0.00,30,4,0.00,0.00,0.0000
mem_cmh0ec3of00490tn52yqzhxm149d,0,0,0.0000,0.00,0.00,30,4,0.00,0.00,0.0000
mem_cmh128beb019s0tnaf401fcba8c4,0,0,0.0000,0.00,0.00,30,4,0.00,0.00,0.0000
mem_cmh1xy1h90co20tn84orj9iva0d1,0,0,0.0000,0.00,0.00,30,4,0.00,0.00,0.0000
mem_cmh28eu69025g0sp1h9dth9n1d52,0,0,0.0000,0.00,0.00,30,4,0.00,0.00,0.0000
mem_cmh38wwim03ll0smtc8xj7yzg27e,0,0,0.0000,0.00,0.00,30,4,0.00,0.00,0.0000
mem_cmh3p6y8w07a10snhf0ji6e2p5ff,0,0,0.0000,0.00,0.00,30,4,0.00,0.00,0.0000
mem_cmh4dj8n707az0rmxfqjefkdve85,0,0,0.0000,0.00,0.00,30,4,0.00,0.00,0.0000
mem_cmh4uobk40cp30spdcabxf9zyd6e,0,0,0.0000,0.00,0.00,30,4,0.00,0.00,0.0000
mem_cmh5hmo0m0cl40rmxfmblbmg45cd,0,0,0.0000,0.00,0.00,30,4,0.00,0.00,0.0000
mem_cmh8eh4su09yu0snxdmwl4dcq46c,0,0,0.0000,0.00,0.00,30,4,0.00,0.00,0.0000
mem_cmh953kvg0s1h0slr1r3l3naaf76,0,0,0.0000,0.00,0.00,30,4,0.00,0.00,0.0000
mem_cmh9faaum03yi0spd3kea17173d7,0,0,0.0000,0.00,0.00,30,4,0.00,0.00,0.0000
mem_cmh9h2oza032x0snx2n117z6cc59,0,0,0.0000,0.00,0.00,30,4,0.00,0.00,0.0000
mem_cmha0afs105p40snx4ypc7myu406,0,0,0.0000,0.00,0.00,30,4,0.00,0.00,0.0000
mem_cmhan4zmq018n0slo3o5oh116ee6,0,0,0.0000,0.00,0.00,30,4,0.00,0.00,0.0000
mem_cmhasosig000i0sro8pwx4o8167d,0,0,0.0000,0.00,0.00,30,4,0.00,0.00,0.0000
mem_cmhb0xjti00ka0sqb59pt4flv0af,0,0,0.0000,0.00,0.00,30,4,0.00,0.00,0.0000
mem_cmhb85pmh01ni0tqe86kt9di4fe9,0,0,0.0000,0.00,0.00,30,4,0.00,0.00,0.0000
mem_cmhb9br5t01t50sqb7xmldtpme90,0,0,0.0000,0.00,0.00,30,4,0.00,0.00,0.0000
mem_cmhc06vw703x90slj7fwqf3n439f,0,0,0.0000,0.00,0.00,30,4,0.00,0.00,0.0000
mem_cmhcciqk600710sq03gb081nd75b,0,0,0.0000,0.00,0.00,30,4,0.00,0.00,0.0000
mem_cmhcpzy8101uq0so3ab8d89s1553,0,0,0.0000,0.00,0.00,30,4,0.00,0.00,0.0000
mem_cmhcs361j024n0som9xmdgelh69c,0,0,0.0000,0.00,0.00,30,4,0.00,0.00,0.0000
mem_cmhda3sx303lb0sok6ujqgbus25e,0,0,0.0000,0.00,0.00,30,4,0.00,0.00,0.0000
mem_cmhdfp6yp047r0sok8pqlfuesb6b,0,0,0.0000,0.00,0.00,30,4,0.00,0.00,0.0000
mem_cmhem59zn01ur0snbef7m6u7d332,0,0,0.0000,0.00,0.00,30,4,0.00,0.00,0.0000
mem_cmheq4t41025l0snb1acqd0co3c6,0,0,0.0000,0.00,0.00,30,4,0.00,0.00,0.0000
mem_cmhgdqfc205n70slch3m0555bf80,0,0,0.0000,0.00,0.00,30,4,0.00,0.00,0.0000
mem_cmhh0ubxl097v0smlc1lte4kif95,0,0,0.0000,0.00,0.00,30,4,0.00,0.00,0.0000
mem_cmhho5ip30bhj0sq1akon98nf044,0,0,0.0000,0.00,0.00,30,4,0.00,0.00,0.0000
mem_cmhhtb0ti0c9f0sq1egoq5da1b4e,0,0,0.0000,0.00,0.00,30,4,0.00,0.00,0.0000
mem_cmhiy12cp0k4l0sq13l2g6rclc77,0,0,0.0000,0.00,0.00,30,4,0.00,0.00,0.0000
mem_cmhl6h9zc010a0skygz186s6f67b,0,0,0.0000,0.00,0.00,30,4,0.00,0.00,0.0000
mem_cmhl7619r01a30tit4bg8ctr35ce,0,0,0.0000,0.00,0.00,30,4,0.00,0.00,0.0000
mem_cmhlxxa7n0fjg0rkjds0bge8b0bb,0,0,0.0000,0.00,0.00,30,4,0.00,0.00,0.0000
mem_cmhme2gau02od0sth6vq253tn935,0,0,0.0000,0.00,0.00,30,4,0.00,0.00,0.0000
mem_cmhmt99n407b70sqaayfhacip107,0,0,0.0000,0.00,0.00,30,4,0.00,0.00,0.0000
mem_cmhmx5peo08610robbhxqbyiz9da,0,0,0.0000,0.00,0.00,30,4,0.00,0.00,0.0000
mem_cmhp154w70sls0srq48juea0b00e,0,0,0.0000,0.00,0.00,30,4,0.00,0.00,0.0000
mem_cmhrut4vn1e560srf4mgz3y3idb0,0,0,0.0000,0.00,0.00,30,4,0.00,0.00,0.0000
mem_cmht2dt0703210ssx1op521yd98a,0,0,0.0000,0.00,0.00,30,4,0.00,0.00,0.0000
mem_cmhtcgm7d06340snbdd70hutlc87,0,0,0.0000,0.00,0.00,30,4,0.00,0.00,0.0000
mem_cmhtsk9k60bcb0sps4l4k20gd6fa,0,0,0.0000,0.00,0.00,30,4,0.00,0.00,0.0000
mem_cmhu5v8id0dp60sta8glg85yj67b,0,0,0.0000,0.00,0.00,30,4,0.00,0.00,0.0000
mem_cmhuch5qb0exf0ss45ws8dfyv503,0,0,0.0000,0.00,0.00,30,4,0.00,0.00,0.0000
mem_cmhufy9nl0fcb0snb67nw22uj0cf,0,0,0.0000,0.00,0.00,30,4,0.00,0.00,0.0000
mem_cmhup6m960hmc0snb2kp0dvwhf20,0,0,0.0000,0.00,0.00,30,4,0.00,0.00,0.0000
mem_cmhuz82rx0kce0ssx97u6bzct957,0,0,0.0000,0.00,0.00,30,4,0.00,0.00,0.0000
mem_cmhv0504s0km40ss458an9zkh49b,0,0,0.0000,0.00,0.00,30,4,0.00,0.00,0.0000
mem_cmhv3bb1b0lch0spsbbeieffb435,0,0,0.0000,0.00,0.00,30,4,0.00,0.00,0.0000
mem_cmhvb37y80nih0ssx0det58hlab8,0,0,0.0000,0.00,0.00,30,4,0.00,0.00,0.0000
mem_cmhvge23k0o7z0spselr320l558b,0,0,0.0000,0.00,0.00,30,4,0.00,0.00,0.0000
mem_cmhw2sp4g0sky0snbajivgxp89a4,0,0,0.0000,0.00,0.00,30,4,0.00,0.00,0.0000
mem_cmhw5z6jl0tk50ss4csu14ozg735,0,0,0.0000,0.00,0.00,30,4,0.00,0.00,0.0000
mem_cmhxb21ii12yo0stacov1g51x197,0,0,0.0000,0.00,0.00,27,4,0.00,0.00,0.0000
mem_cmhzhzuke1mrl0snbdyms961z390,0,0,0.0000,0.00,0.00,30,4,0.00,0.00,0.0000
mem_cmhzxpmht0fgh0ss41ulxhhoy200,0,0,0.0000,0.00,0.00,30,4,0.00,0.00,0.0000
mem_cmi21yzzi02hn0srkcyykhzls113,0,0,0.0000,0.00,0.00,30,4,0.00,0.00,0.0000
mem_cmi2ygh0h08zw0ssdf6cofqd32ae,0,0,0.0000,0.00,0.00,30,4,0.00,0.00,0.0000
mem_cmi53asc10udq0sti6h9hcv4ccbc,0,1,0.0000,0.03,0.02,30,4,0.00,0.03,0.0000
mem_cmi5scb8j0zyk0tt2hakk0may770,0,0,0.0000,0.00,0.00,30,4,0.00,0.00,0.0000
mem_cmi6wn97q1co10srk6f7samogab8,0,0,0.0000,0.00,0.00,30,4,0.00,0.00,0.0000
mem_cmi6xu2nz1d040sti0mz95fia430,0,0,0.0000,0.00,0.00,30,4,0.00,0.00,0.0000
mem_cmi7iaesh1gwb0tt274x5d2m7bdb,0,0,0.0000,0.00,0.00,30,4,0.00,0.00,0.0000
mem_cmi7mgeu91ik10triak0vg74q4f6,0,0,0.0000,0.00,0.00,30,4,0.00,0.00,0.0000
mem_cmi89bwhg061r0srfa9om75b48b6,0,0,0.0000,0.00,0.00,30,4,0.00,0.00,0.0000
mem_cmi8nrmnw09ba0rn5a9tte6ys6e7,0,0,0.0000,0.00,0.00,30,4,0.00,0.00,0.0000
mem_cmiagyeh908k30rosdt5kb65of9f,0,0,0.0000,0.00,0.00,30,4,0.00,0.00,0.0000
mem_cmic4jiio0lzy0sk5cw90bm8b88d,0,0,0.0000,0.00,0.00,30,4,0.00,0.00,0.0000
mem_cmicbni010njj0sogarhu86y82ad,0,0,0.0000,0.00,0.00,30,4,0.00,0.00,0.0000
mem_cmif77ars1f7f0soy6dl5fn2a5d0,0,0,0.0000,0.00,0.00,30,4,0.00,0.00,0.0000
mem_cmikbg4452ca70rob1dc3hgcr5f8,0,0,0.0000,0.00,0.00,30,4,0.00,0.00,0.0000
mem_cmikcueqm2cab0roshxjtdz70152,0,0,0.0000,0.00,0.00,30,4,0.00,0.00,0.0000
mem_cmiltllev2ktb0soy6ipnhk2l744,0,0,0.0000,0.00,0.00,30,4,0.00,0.00,0.0000
mem_cmin9vphd2vt30rob79age20e5e1,0,0,0.0000,0.00,0.00,30,4,0.00,0.00,0.0000
mem_cmio6ku1k06yl0srd7ayh22482c7,0,0,0.0000,0.00,0.00,30,4,0.00,0.00,0.0000
mem_cmiq4e4kf0b350sof9nkbf3rrf47,0,0,0.0000,0.00,0.00,30,4,0.00,0.00,0.0000
mem_cmiqmqwti0gfk0sqn7ffma1vda8f,0,0,0.0000,0.00,0.00,30,4,0.00,0.00,0.0000
mem_cmiqqdqz80gvf0sq9e7tkc7a536f,0,0,0.0000,0.00,0.00,30,4,0.00,0.00,0.0000
mem_cmisdkn8n0twg0sqnhhcx9dfe21a,0,0,0.0000,0.00,0.00,30,4,0.00,0.00,0.0000
mem_cmiuu4jvr1bhx0sq9288530gl17c,0,0,0.0000,0.00,0.00,30,4,0.00,0.00,0.0000
mem_cmiw8wsph1iw70sofcm655aidf85,0,0,0.0000,0.00,0.00,30,4,0.00,0.00,0.0000
mem_cmiymreg6064q0ssld6pfhaqtfc5,0,0,0.0000,0.00,0.00,30,4,0.00,0.00,0.0000
mem_cmiysyaxy07sx0ss58hve0k3g340,0,0,0.0000,0.00,0.00,30,4,0.00,0.00,0.0000
mem_cmizkjrgb0ddf0ssldbvchqms421,0,0,0.0000,0.00,0.00,30,4,0.00,0.00,0.0000
mem_cmizwl0p70f7v0ssvc71da03c1d8,0,0,0.0000,0.00,0.00,30,4,0.00,0.00,0.0000
mem_cmj05hqoa0h670sry3rkifb6s9a4,0,0,0.0000,0.00,0.00,30,4,0.00,0.00,0.0000
mem_cmj2f36rf03oe0soed11l33mu79a,0,0,0.0000,0.00,0.00,30,4,0.00,0.00,0.0000
mem_cmj7mbqc301070sql46iq6i1v55e,0,0,0.0000,0.00,0.00,30,4,0.00,0.00,0.0000
mem_cmj8z2y1u01nv0sq63f5gdf2q0f6,0,0,0.0000,0.00,0.00,30,4,0.00,0.00,0.0000
mem_cmj9vtkqn08ji0toh08xs9by1740,0,0,0.0000,0.00,0.00,30,4,0.00,0.00,0.0000
mem_cmja7ykl0012l0slvb4gpeui4989,0,0,0.0000,0.00,0.00,30,4,0.00,0.00,0.0000
mem_cmjaznyv504jd0sqogq4cddw6c4b,0,0,0.0000,0.00,0.00,30,4,0.00,0.00,0.0000
mem_cmjc3nois041c0so64t2w2m8zf09,0,0,0.0000,0.00,0.00,30,4,0.00,0.00,0.0000
mem_cmjhi4s020a5l0sri8gpt0tbc6d1,0,0,0.0000,0.00,0.00,30,4,0.00,0.00,0.0000
mem_cmjhu925m028t0soi0u17aruh745,0,0,0.0000,0.00,0.00,30,4,0.00,0.00,0.0000
mem_cmjjlrqxe0e2l0sof1xpn5vm6cd7,0,0,0.0000,0.00,0.00,30,4,0.00,0.00,0.0000
mem_cmjk4kco606bl0sng7v2z08uc198,0,0,0.0000,0.00,0.00,30,4,0.00,0.00,0.0000
mem_cmjlg97bs03u00sqsdhyngijied6,0,2,0.0140,0.48,0.02,30,4,0.00,0.07,0.0005
mem_cmjlkw6h004d30srod7hne4j4b89,0,0,0.0000,0.00,0.00,8,4,0.00,0.00,0.0000
mem_cmjmtxyqv0au10sqs5wthdl1d114,0,0,0.0000,0.00,0.00,30,4,0.00,0.00,0.0000
mem_cmjr647tv0tva0sqs35sh2taq4ab,0,0,0.0000,0.00,0.00,30,4,0.00,0.00,0.0000
mem_cmjry4f8510eb0srx5i9e7zjue96,0,1,0.0000,0.03,0.02,30,4,0.00,0.03,0.0000
mem_sb_cmhezfizu030b0snhdh55fu0t,0,0,0.0000,0.00,0.00,30,4,0.00,0.00,0.0000
mem_sb_cmhue5enj0eww0ssx26e06j0u,0,0,0.0000,0.00,0.00,30,4,0.00,0.00,0.0000
mem_cm523q50l08540tul5dqt4en16c6,0,0,0.0000,0.00,0.00,30,1,0.00,0.00,0.0000
mem_cmk1wp9551g820sml0yqog1a965d,0,0,0.0000,0.00,0.00,24,4,0.00,0.00,0.0000
mem_cmk3226vh00bp0sob9rpp5gz6ee9,0,0,0.0000,0.00,0.00,23,4,0.00,0.00,0.0000
mem_cmjlkw6h004d30srod7hne4j4a85,0,1,0.0000,0.02,0.01,22,4,0.00,0.05,0.0000
mem_cmk3wnw4006y60snt7urd6n8o8d0,0,0,0.0000,0.00,0.00,22,4,0.00,0.00,0.0000
mem_cmk5cmm4h0jj50sob589k8diz481,0,0,0.0000,0.00,0.00,21,4,0.00,0.00,0.0000
mem_cmkhcp1ch1hvb0ssafkf30ojsc13,0,0,0.0000,0.00,0.00,13,4,0.00,0.00,0.0000
mem_cmkiuqrct1qso0sqjgd53197ddad,0,0,0.0000,0.00,0.00,12,4,0.00,0.00,0.0000
mem_cmkko0bad20q70sr6fu9a1azl0c5,0,8,0.0000,21.30,0.31,10,4,0.00,0.80,0.0000
mem_cmg1jefpc007c0wmxa0ondrb75cd,0,0,0.0000,0.00,0.00,7,4,0.00,0.00,0.0000
mem_cmkp9a1mm38p20sr67akwcj9653b,0,10,0.0000,1.12,0.02,7,4,0.00,1.43,0.0000
mem_cmhxb21ii12yo0stacov1g51x341,0,0,0.0000,0.00,0.00,4,4,0.00,0.00,0.0000
mem_cmktvkx0s43q10stqcuyu9l9x81f,0,0,0.0000,0.00,0.00,4,4,0.00,0.00,0.0000
